AgmtID,Unique,C1_Region,C1_LDC,C2_OECD,C2_G20,C2_BEPS,C1,C2,Signedyear,Effectiveyear,Type,Ratified,Terminated,5i,5ii,5iii,5iv,5v,5vi,5vii,5viii,7i,7ii,8i,10i,10ii,10iii,11i,12i,12ii,12iii,12iv,13i,13ii,16i,18i,18ii,21i,27i,source.country,destination.country
1699,1,Asia,FALSE,TRUE,FALSE,TRUE,Pakistan,Czech Republic,2014,2016,New treaty,Yes,No,6,YES,6,NO,NO,YES,YES,YES,YES,YES,NO,5,25,15,10,10,YES,YES,10,NO,YES,NO,NO,NO,YES,No,PAK,CZE
3333,1,Africa,FALSE,FALSE,TRUE,TRUE,Kenya,South Africa,2010,2016,New treaty,Yes,No,6,YES,6,NO,NO,YES,YES,YES,YES,YES,YES,10,"NA",10,10,10,YES,NO,"NA",YES,NO,NO,YES,YES,YES,Yes,KEN,ZAF
4293,1,Asia,FALSE,FALSE,FALSE,FALSE,Philippines,Qatar,2008,2016,New treaty,Yes,No,3,YES,3,NO,NO,YES,NO,NO,YES,NO,YES,10,10,15,10,15,YES,YES,"NA",YES,NO,NO,NO,YES,YES,No,PHL,QAT
4794,1,Africa,TRUE,TRUE,TRUE,TRUE,Zambia,United Kingdom,2014,2016,Renegotiation,Yes,No,6,YES,6,YES,YES,NO,NO,YES,NO,YES,NO,5,"NA",5,10,5,NO,NO,"NA",YES,NO,NO,NO,YES,NO,Yes,ZMB,GBR
575,1,Asia,FALSE,FALSE,FALSE,FALSE,Sri Lanka,Bahrain,2011,2015,New treaty,Yes,No,6,YES,6,NO,NO,YES,YES,YES,YES,YES,YES,7.5,"NA",10,10,10,YES,YES,10,NO,NO,YES,YES,YES,YES,No,LKA,BHR
732,1,Asia,FALSE,FALSE,FALSE,FALSE,Sri Lanka,Belarus,2013,2015,New treaty,Yes,No,6,YES,6,NO,YES,YES,YES,YES,NO,YES,YES,7.5,25,10,10,10,YES,YES,"NA",YES,NO,NO,YES,YES,YES,No,LKA,BLR
937,1,Asia,TRUE,FALSE,TRUE,TRUE,Bhutan,India,2013,2015,New treaty,Yes,No,4,YES,4,NO,NO,YES,YES,YES,NO,YES,NO,10,"NA",10,10,10,YES,YES,10,YES,YES,NO,YES,YES,YES,Yes,BTN,IND
1477,1,Africa,FALSE,TRUE,TRUE,TRUE,Congo (Rep.),Italy,2003,2015,New treaty,Yes,No,6,YES,NO,YES,YES,NO,NO,NO,NO,NO,NO,8,10,15,0,10,NO,YES,"NA",YES,YES,NO,NO,YES,NO,Yes,COG,ITA
1478,1,Africa,FALSE,FALSE,FALSE,FALSE,Congo (Rep.),Mauritius,2010,2015,New treaty,Yes,No,12,YES,12,YES,YES,NO,NO,NO,NO,YES,NO,0,25,5,5,0,YES,NO,"NA",NO,NO,NO,NO,YES,NO,Yes,COG,MUS
2871,1,Asia,FALSE,FALSE,TRUE,TRUE,Papua New Guinea,Indonesia,2010,2015,Renegotiation,Yes,No,4,YES,4,NO,NO,YES,NO,YES,YES,YES,NO,15,"NA",15,10,10,YES,YES,10,NO,NO,NO,NO,NO,YES,No,PNG,IDN
3344,1,Asia,TRUE,FALSE,FALSE,FALSE,Kiribati,Taiwan,2014,2015,New treaty,Yes,No,6,YES,6,YES,YES,NO,NO,NO,NO,NO,NO,10,"NA",10,10,10,YES,NO,"NA",YES,NO,NO,NO,NO,NO,No,KIR,TWN
3500,1,Asia,TRUE,TRUE,FALSE,TRUE,Laos,Luxembourg,2012,2015,New treaty,Yes,No,6,YES,6,YES,YES,NO,YES,YES,NO,NO,NO,5,10,15,10,5,YES,NO,"NA",NO,NO,NO,YES,YES,YES,No,LAO,LUX
3663,1,Asia,FALSE,TRUE,FALSE,TRUE,Sri Lanka,Luxembourg,2013,2015,New treaty,Yes,No,6,YES,6,NO,NO,YES,YES,YES,NO,YES,YES,7.5,25,10,10,10,YES,NO,"NA",YES,NO,NO,YES,YES,NO,No,LKA,LUX
4107,1,Asia,FALSE,TRUE,FALSE,TRUE,Papua New Guinea,New Zealand,2012,2015,New treaty,Yes,No,3,YES,6,YES,YES,YES,NO,YES,YES,NO,NO,15,"NA",15,10,10,YES,YES,"NA",YES,YES,NO,NO,NO,YES,No,PNG,NZL
4134,1,Asia,FALSE,TRUE,FALSE,TRUE,Vietnam,New Zealand,2013,2015,New treaty,Yes,No,6,YES,6,NO,NO,YES,NO,YES,YES,YES,NO,5,50,15,10,10,YES,YES,"NA",YES,YES,NO,NO,NO,YES,No,VNM,NZL
4142,1,Africa,FALSE,TRUE,FALSE,TRUE,Nigeria,Spain,2009,2015,New treaty,Yes,No,6,YES,6,YES,YES,NO,NO,YES,YES,NO,NO,7.5,10,10,7.5,7.5,NO,YES,"NA",YES,NO,NO,NO,NO,NO,Yes,NGA,ESP
1163,1,Africa,TRUE,FALSE,FALSE,FALSE,Burkina Faso,Tunisia,2003,2014,New treaty,Yes,No,9,NO,NO,YES,YES,YES,YES,YES,NO,YES,NO,8,"NA",8,5,5,YES,YES,"NA",NO,NO,NO,NO,NO,NO,No,BFA,TUN
2811,1,Asia,FALSE,FALSE,TRUE,TRUE,Sri Lanka,India,2013,2014,Renegotiation,Yes,No,6,YES,3,NO,NO,YES,YES,YES,NO,YES,YES,7.5,"NA",7.5,10,10,YES,YES,10,YES,YES,NO,NO,NO,YES,Yes,LKA,IND
3439,1,Asia,FALSE,FALSE,FALSE,FALSE,Philippines,Kuwait,2009,2014,New treaty,Yes,No,3,YES,3,YES,YES,YES,NO,YES,NO,NO,YES,10,10,15,10,20,YES,YES,"NA",NO,NO,NO,NO,NO,NO,No,PHL,KWT
4137,1,Asia,FALSE,FALSE,FALSE,FALSE,Philippines,Nigeria,1997,2014,New treaty,Yes,No,3,YES,NO,YES,YES,NO,NO,NO,YES,YES,YES,12.5,25,15,10,20,YES,YES,"NA",NO,YES,NO,YES,NO,YES,No,PHL,NGA
4137,0,Africa,FALSE,FALSE,FALSE,FALSE,Nigeria,Philippines,1997,2014,New treaty,Yes,No,3,YES,NO,YES,YES,NO,NO,NO,YES,YES,YES,12.5,25,15,10,20,YES,YES,"NA",NO,YES,NO,YES,NO,YES,No,NGA,PHL
4509,1,Asia,FALSE,FALSE,FALSE,FALSE,Vietnam,Serbia,2013,2014,New treaty,Yes,No,6,YES,6,YES,YES,YES,YES,YES,NO,YES,NO,10,25,15,10,10,YES,YES,"NA",YES,NO,NO,NO,NO,YES,No,VNM,SRB
4754,1,Asia,FALSE,FALSE,FALSE,FALSE,Vietnam,Tunisia,2010,2014,New treaty,Yes,No,6,YES,6,NO,NO,YES,YES,YES,YES,YES,NO,10,"NA",10,10,10,YES,YES,"NA",YES,YES,NO,NO,NO,YES,No,VNM,TUN
618,1,Asia,TRUE,FALSE,FALSE,FALSE,Bangladesh,United Arab Emirates,2011,2013,New treaty,Yes,No,6,YES,6,NO,NO,YES,YES,YES,YES,YES,YES,5,3,10,10,10,YES,YES,"NA",YES,NO,YES,NO,NO,NO,No,BGD,ARE
1305,1,Asia,FALSE,FALSE,FALSE,FALSE,Cape Verde,Macau,2010,2013,New treaty,Yes,No,6,YES,6,YES,YES,NO,NO,YES,NO,NO,NO,10,"NA",10,10,10,YES,YES,"NA",NO,NO,YES,NO,NO,YES,No,CPV,MAC
1362,1,Africa,TRUE,FALSE,TRUE,TRUE,Ethiopia,China (People's Rep.),2009,2013,New treaty,Yes,No,6,NO,NO,YES,YES,NO,NO,YES,NO,NO,NO,5,"NA",5,7,5,YES,YES,"NA",YES,NO,NO,NO,YES,NO,No,ETH,CHN
1473,1,Africa,TRUE,FALSE,TRUE,TRUE,Congo (Dem. Rep.),South Africa,2005,2013,New treaty,Yes,No,6,YES,6,YES,YES,NO,NO,NO,NO,YES,NO,5,25,15,10,10,YES,YES,"NA",YES,NO,NO,YES,YES,YES,Yes,COD,ZAF
2007,1,Africa,TRUE,FALSE,TRUE,TRUE,Ethiopia,India,2011,2013,New treaty,Yes,No,6,YES,6,NO,NO,YES,NO,YES,NO,YES,NO,7.5,"NA",7.5,10,10,YES,YES,10,YES,YES,NO,NO,NO,NO,Yes,ETH,IND
2026,1,Africa,TRUE,TRUE,TRUE,TRUE,Ethiopia,United Kingdom,2011,2013,New treaty,Yes,No,6,NO,6,YES,YES,NO,YES,YES,NO,NO,NO,10,"NA",10,5,7.5,YES,YES,"NA",YES,NO,NO,NO,YES,YES,No,ETH,GBR
2598,1,Africa,TRUE,TRUE,FALSE,TRUE,Guinea-Bissau,Portugal,2008,2013,New treaty,Yes,No,6,NO,NO,YES,YES,NO,NO,NO,NO,NO,NO,10,"NA",10,10,10,NO,NO,"NA",YES,NO,NO,NO,NO,NO,No,GNB,PRT
2779,1,Asia,TRUE,FALSE,TRUE,TRUE,Nepal,India,2011,2013,Renegotiation,Yes,No,6,YES,3,NO,NO,YES,YES,YES,NO,YES,NO,5,10,10,10,15,YES,YES,"NA",YES,YES,NO,NO,NO,YES,YEs,NPL,IND
3478,1,Asia,FALSE,FALSE,FALSE,FALSE,Pakistan,Kyrgyzstan,2005,2013,New treaty,Yes,No,6,YES,3,NO,NO,YES,YES,YES,YES,YES,"NA",10,"NA",10,10,10,YES,YES,"NA",YES,NO,YES,NO,YES,YES,No,PAK,KGZ
3722,1,Africa,TRUE,TRUE,FALSE,TRUE,Malawi,Norway,2009,2013,Renegotiation,Yes,No,6,YES,6,NO,NO,NO,YES,NO,NO,NO,NO,5,10,15,10,5,YES,NO,"NA",NO,NO,YES,YES,NO,YES,Yes,MWI,NOR
3866,1,Africa,TRUE,FALSE,FALSE,FALSE,Rwanda,Mauritius,2013,2013,Renegotiation,Yes,No,6,YES,6,NO,NO,YES,YES,NO,YES,YES,NO,10,"NA",10,10,10,YES,NO,12,NO,NO,NO,NO,YES,YES,Yes,RWA,MUS
4003,1,Asia,FALSE,FALSE,FALSE,FALSE,Vietnam,Morocco,2008,2013,New treaty,Yes,No,6,YES,NO,NO,NO,YES,YES,YES,YES,YES,NO,10,"NA",10,10,10,YES,YES,"NA",YES,YES,YES,NO,YES,YES,Yes,VNM,MAR
4521,1,Africa,TRUE,FALSE,FALSE,FALSE,Zambia,Seychelles,2010,2013,New treaty,Yes,No,6,YES,6,YES,YES,NO,NO,NO,NO,YES,NO,5,25,10,5,10,YES,YES,"NA",NO,NO,NO,YES,YES,YES,No,ZMB,SYC
602,1,Asia,TRUE,FALSE,FALSE,FALSE,Bangladesh,Mauritius,2009,2012,New treaty,Yes,No,12,YES,12,NO,NO,YES,NO,NO,NO,NO,YES,10,"NA",10,NO LIMIT,NO LIMIT,YES,NO,"NA",NO,NO,NO,NO,YES,NO,No,BGD,MUS
611,1,Asia,TRUE,FALSE,FALSE,FALSE,Bangladesh,Saudi Arabia,2011,2012,New treaty,Yes,No,6,YES,6,NO,NO,YES,NO,NO,YES,YES,YES,10,"NA",10,7.5,10,YES,YES,"NA",NO,YES,NO,NO,NO,YES,No,BGD,SAU
766,1,Africa,TRUE,TRUE,FALSE,TRUE,Congo (Dem. Rep.),Belgium,2007,2012,New treaty,Yes,No,6,NO,NO,YES,YES,NO,NO,NO,NO,YES,NO,10,25,15,10,10,YES,YES,"NA",YES,NO,NO,YES,YES,YES,yes,COD,BEL
1464,1,Africa,TRUE,FALSE,TRUE,TRUE,Zambia,China (People's Rep.),2010,2012,New treaty,Yes,No,9,YES,6,YES,YES,NO,NO,NO,NO,NO,NO,5,"NA",5,10,5,YES,NO,"NA",YES,NO,NO,NO,YES,NO,No,ZMB,CHN
2775,1,Africa,TRUE,FALSE,TRUE,TRUE,Mozambique,India,2010,2012,New treaty,Yes,No,12,YES,9,NO,NO,YES,YES,YES,NO,YES,NO,7.5,"NA",7.5,10,10,YES,YES,"NA",YES,YES,NO,NO,NO,YES,Yes,MOZ,IND
2825,1,Africa,TRUE,FALSE,TRUE,TRUE,Tanzania,India,2011,2012,Renegotiation,Yes,No,9,YES,6,NO,NO,YES,YES,YES,NO,YES,YES,5,25,10,10,10,YES,YES,"NA",YES,YES,NO,NO,NO,YES,Yes,TZA,IND
3465,1,Asia,FALSE,FALSE,FALSE,FALSE,Vietnam,Kuwait,2009,2012,New treaty,Yes,No,6,YES,6,NO,NO,YES,NO,YES,YES,YES,NO,15,"NA",15,15,20,YES,YES,20,YES,YES,NO,NO,NO,YES,No,VNM,KWT
3501,1,Asia,TRUE,FALSE,FALSE,FALSE,Laos,Malaysia,2010,2012,New treaty,Yes,No,6,NO,NO,YES,YES,YES,NO,NO,NO,NO,NO,5,10,10,10,10,YES,YES,10,"NA","NA",NO,NO,NO,YES,No,LAO,MYS
3888,1,Africa,TRUE,FALSE,FALSE,FALSE,Zambia,Mauritius,2011,2012,New treaty,Yes,No,9,YES,NO,YES,YES,NO,NO,NO,NO,NO,NO,5,25,15,10,5,YES,NO,"NA","NA","NA",NO,NO,YES,NO,No,ZMB,MUS
4012,1,Asia,TRUE,FALSE,FALSE,FALSE,Myanmar,Thailand,2002,2012,New treaty,Yes,No,6,YES,NO,YES,YES,YES,YES,YES,NO,NO,YES,10,"NA",10,10,15,YES,YES,"NA",YES,YES,NO,NO,NO,YES,No,MMR,THA
4255,1,Asia,FALSE,FALSE,FALSE,FALSE,Pakistan,Ukraine,2008,2012,New treaty,Yes,No,6,YES,6,YES,NO,YES,NO,NO,YES,YES,NO,10,25,15,10,10,YES,YES,"NA",YES,NO,NO,NO,YES,NO,No,PAK,UKR
4403,1,Asia,FALSE,FALSE,FALSE,FALSE,Vietnam,Qatar,2009,2012,New treaty,Yes,No,6,YES,6,NO,NO,YES,YES,YES,YES,YES,NO,5,50,12.5,10,5,YES,YES,7.5,YES,YES,NO,NO,NO,YES,No,VNM,QAT
4489,1,Asia,FALSE,FALSE,FALSE,FALSE,Vietnam,Saudi Arabia,2010,2012,New treaty,Yes,No,6,YES,6,NO,NO,YES,NO,YES,YES,YES,NO,5,50,12.5,10,10,YES,YES,7.5,NO,YES,NO,NO,YES,YES,No,VNM,SAU
458,1,Asia,FALSE,TRUE,FALSE,TRUE,Vietnam,Austria,2008,2011,New treaty,Yes,No,6,YES,NO,NO,NO,YES,YES,YES,NO,YES,NO,10,25,15,10,10,YES,YES,7.5,YES,YES,NO,NO,NO,YES,No,VNM,AUT
866,1,Africa,TRUE,TRUE,FALSE,TRUE,Rwanda,Belgium,2007,2011,New treaty,Yes,No,6,YES,3,YES,YES,NO,YES,NO,NO,NO,NO,0,25,15,10,10,YES,YES,10,YES,NO,NO,YES,YES,YES,Yes,RWA,BEL
1075,1,Asia,TRUE,FALSE,FALSE,FALSE,Laos,Brunei,2006,2011,New treaty,Yes,No,6,YES,3,YES,YES,YES,YES,YES,YES,NO,NO,5,10,10,10,10,YES,YES,10,NO,NO,NO,NO,YES,NO,No,LAO,BRN
1408,1,Asia,TRUE,FALSE,TRUE,TRUE,Nepal,China (People's Rep.),2001,2011,New treaty,Yes,No,6,YES,6,YES,YES,NO,YES,YES,NO,YES,NO,10,"NA",10,10,15,YES,YES,"NA",YES,YES,NO,NO,YES,YES,No,NPL,CHN
2179,1,Africa,FALSE,TRUE,TRUE,TRUE,Kenya,France,2007,2011,New treaty,Yes,No,6,NO,NO,YES,YES,NO,YES,NO,YES,NO,YES,10,"NA",10,12,10,YES,YES,"NA",YES,NO,YES,NO,NO,YES,No,KEN,FRA
3689,1,Africa,TRUE,FALSE,FALSE,FALSE,Mozambique,Macau,2007,2011,New treaty,Yes,No,6,YES,6,YES,YES,NO,NO,YES,NO,NO,NO,10,"NA",10,10,10,YES,YES,10,NO,NO,YES,NO,NO,YES,No,MOZ,MAC
4238,1,Asia,FALSE,FALSE,FALSE,FALSE,Pakistan,Serbia,2010,2011,New treaty,Yes,No,9,YES,NO,YES,YES,YES,YES,YES,NO,YES,NO,10,"NA",10,10,10,YES,YES,10,YES,NO,YES,YES,YES,YES,No,PAK,SRB
4242,1,Asia,FALSE,TRUE,FALSE,TRUE,Pakistan,Spain,2010,2011,New treaty,Yes,No,12,YES,NO,YES,YES,NO,NO,YES,NO,NO,NO,5,50,10,10,7.5,NO,YES,10,YES,NO,NO,NO,NO,NO,No,PAK,ESP
4470,1,Africa,TRUE,FALSE,TRUE,TRUE,Rwanda,South Africa,2002,2011,New treaty,Yes,No,6,YES,6,YES,YES,NO,NO,NO,NO,YES,NO,10,25,20,10,10,YES,NO,10,YES,NO,NO,NO,NO,YES,No,RWA,ZAF
4782,1,Asia,FALSE,FALSE,FALSE,FALSE,Vietnam,United Arab Emirates,2009,2011,New treaty,Yes,No,6,YES,6,NO,NO,YES,YES,YES,YES,YES,NO,5,50,15,10,10,YES,YES,"NA",YES,YES,YES,NO,YES,YES,No,VNM,ARE
569,1,Asia,FALSE,FALSE,FALSE,FALSE,Pakistan,Bahrain,2005,2010,New treaty,Yes,No,6,YES,NO,NO,NO,NO,NO,NO,NO,YES,NO,10,"NA",10,10,10,YES,NO,10,NO,NO,YES,YES,YES,YES,No,PAK,BHR
1079,1,Asia,FALSE,FALSE,FALSE,FALSE,Pakistan,Brunei,2009,2010,New treaty,Yes,No,6,YES,3,NO,NO,YES,YES,YES,YES,YES,NO,10,"NA",10,15,15,YES,YES,15,YES,NO,YES,YES,YES,YES,No,PAK,BRN
1088,1,Asia,FALSE,FALSE,FALSE,FALSE,Vietnam,Brunei,2007,2010,New treaty,Yes,No,6,YES,6,NO,NO,YES,YES,YES,YES,NO,NO,10,"NA",10,10,10,YES,YES,"NA",YES,YES,NO,YES,NO,YES,No,VNM,BRN
1413,1,Africa,FALSE,FALSE,TRUE,TRUE,Nigeria,China (People's Rep.),2002,2010,New treaty,Yes,No,6,YES,NO,NO,NO,NO,NO,YES,NO,YES,NO,7.5,"NA",7.5,7.5,7.5,YES,YES,"NA",NO,NO,NO,NO,YES,NO,No,NGA,CHN
2509,1,Africa,FALSE,TRUE,FALSE,TRUE,Ghana,Switzerland,2008,2010,New treaty,Yes,No,9,NO,NO,YES,YES,NO,NO,NO,NO,NO,NO,5,10,15,10,8,YES,NO,8,YES,NO,NO,NO,NO,NO,No,GHA,CHE
2640,1,Asia,FALSE,FALSE,FALSE,FALSE,Vietnam,Hong Kong,2008,2010,New treaty,Yes,No,6,YES,6,NO,NO,YES,NO,YES,YES,YES,NO,10,"NA",10,10,10,YES,YES,"NA",YES,YES,NO,NO,YES,YES,No,VNM,HKG
2776,1,Asia,TRUE,FALSE,TRUE,TRUE,Myanmar,India,2008,2010,New treaty,Yes,No,9,YES,NO,NO,NO,YES,YES,YES,NO,YES,NO,5,"NA",5,10,10,YES,YES,"NA",YES,YES,NO,NO,NO,YES,No,MMR,IND
2939,1,Africa,TRUE,FALSE,FALSE,FALSE,Sudan,Iran,2004,2010,New treaty,Yes,No,12,YES,NO,NO,NO,NO,NO,YES,NO,NO,NO,5,20,10,7,5,YES,YES,"NA",YES,NO,NO,YES,YES,NO,No,SDN,IRN
3067,1,Asia,FALSE,TRUE,FALSE,TRUE,Vietnam,Israel,2009,2010,New treaty,Yes,No,6,YES,6,YES,YES,YES,NO,YES,NO,NO,NO,10,"NA",10,10,15,YES,YES,7.5,YES,NO,NO,NO,YES,YES,No,VNM,ISR
3738,1,Asia,TRUE,FALSE,FALSE,FALSE,Myanmar,Malaysia,1998,2010,New treaty,Yes,No,6,YES,NO,YES,YES,YES,YES,YES,NO,NO,YES,10,"NA",10,10,10,YES,YES,10,YES,YES,NO,NO,NO,YES,No,MMR,MYS
3978,1,Asia,FALSE,FALSE,FALSE,FALSE,Pakistan,Morocco,2006,2010,New treaty,Yes,No,6,YES,1,NO,NO,YES,YES,YES,YES,YES,NO,10,"NA",10,10,10,YES,YES,10,YES,NO,YES,NO,YES,YES,No,PAK,MAR
4008,1,Africa,TRUE,FALSE,TRUE,TRUE,Mozambique,South Africa,2007,2010,New treaty,Yes,No,6,YES,6,YES,YES,NO,NO,NO,NO,NO,NO,8,25,15,8,5,YES,NO,"NA",YES,NO,NO,YES,YES,YES,Yes,MOZ,ZAF
4011,1,Asia,TRUE,FALSE,FALSE,FALSE,Myanmar,Singapore,1999,2010,New treaty,Yes,No,6,YES,6,YES,YES,NO,YES,NO,NO,NO,YES,5,25,10,10,15,YES,YES,"NA",YES,YES,NO,YES,NO,YES,No,MMR,SGP
4026,1,Asia,TRUE,FALSE,FALSE,FALSE,Nepal,Qatar,2007,2010,New treaty,Yes,No,6,YES,6,NO,NO,NO,YES,YES,YES,YES,NO,10,"NA",10,10,15,YES,YES,"NA",NO,YES,YES,NO,YES,YES,No,NPL,QAT
4568,1,Asia,FALSE,TRUE,FALSE,TRUE,Vietnam,Slovak Republic,2008,2010,New treaty,Yes,No,6,YES,6,NO,NO,YES,YES,YES,YES,YES,NO,5,70,10,10,15,YES,YES,7.5,YES,NO,NO,NO,NO,YES,No,VNM,SVK
615,1,Asia,TRUE,TRUE,FALSE,TRUE,Bangladesh,Switzerland,2007,2009,New treaty,Yes,No,6,NO,NO,YES,YES,NO,NO,NO,NO,NO,YES,10,20,15,10,10,NO,NO,"NA",YES,NO,NO,NO,NO,NO,No,BGD,CHE
791,1,Africa,FALSE,TRUE,FALSE,TRUE,Ghana,Belgium,2005,2009,New treaty,Yes,No,6,YES,NO,YES,YES,NO,NO,NO,NO,YES,NO,5,10,15,10,10,YES,NO,10,NO,NO,NO,NO,YES,NO,Yes,GHA,BEL
1644,1,Africa,TRUE,TRUE,FALSE,TRUE,Ethiopia,Czech Republic,2007,2009,New treaty,Yes,No,6,YES,6,YES,YES,NO,YES,YES,YES,NO,NO,10,"NA",10,10,10,YES,YES,"NA",NO,YES,NO,NO,NO,YES,No,ETH,CZE
2006,1,Africa,TRUE,TRUE,TRUE,TRUE,Ethiopia,France,2006,2009,New treaty,Yes,No,6,NO,NO,YES,YES,NO,YES,YES,NO,NO,NO,10,"NA",10,5,7.5,YES,YES,"NA",YES,NO,NO,NO,YES,YES,No,ETH,FRA
2503,1,Africa,FALSE,TRUE,FALSE,TRUE,Ghana,Netherlands,2008,2009,New treaty,Yes,No,9,YES,NO,YES,YES,NO,NO,NO,NO,YES,NO,5,10,10,8,8,YES,NO,8,YES,NO,NO,NO,NO,NO,Yes,GHA,NLD
3013,1,Asia,FALSE,TRUE,FALSE,TRUE,Vietnam,Ireland,2008,2009,New treaty,Yes,No,6,YES,6,NO,NO,YES,YES,YES,YES,YES,NO,5,70,10,10,15,YES,NO,7.5,YES,NO,NO,NO,NO,YES,No,VNM,IRL
3197,1,Asia,FALSE,TRUE,TRUE,TRUE,Pakistan,Japan,2008,2009,Renegotiation,Yes,No,6,YES,NO,NO,NO,YES,NO,NO,NO,YES,NO,5,50,10,10,10,YES,YES,10,YES,YES,NO,NO,NO,YES,No,PAK,JPN
3543,1,Asia,FALSE,FALSE,FALSE,FALSE,Pakistan,Lebanon,2005,2009,New treaty,Yes,No,6,NO,3,YES,YES,NO,YES,YES,NO,NO,NO,10,"NA",10,10,7.5,YES,NO,"NA",NO,NO,NO,NO,YES,NO,No,PAK,LBN
4025,1,Asia,FALSE,FALSE,FALSE,FALSE,Pakistan,Nepal,2001,2009,New treaty,Yes,No,6,YES,6,NO,NO,YES,YES,YES,YES,YES,YES,10,10,15,15,15,YES,YES,15,YES,YES,YES,NO,YES,YES,No,PAK,NPL
4025,0,Asia,TRUE,FALSE,FALSE,FALSE,Nepal,Pakistan,2001,2009,New treaty,Yes,No,6,YES,6,NO,NO,YES,YES,YES,YES,YES,YES,10,10,15,15,15,YES,YES,15,YES,YES,YES,NO,YES,YES,No,NPL,PAK
4141,1,Africa,FALSE,FALSE,TRUE,TRUE,Nigeria,South Africa,2e3,2009,New treaty,Yes,No,6,YES,6,YES,YES,NO,NO,NO,YES,YES,YES,7.5,10,10,7.5,7.5,YES,YES,"NA",NO,NO,NO,YES,NO,YES,No,NGA,ZAF
4228,1,Asia,FALSE,FALSE,FALSE,FALSE,Vietnam,Oman,2008,2009,New treaty,Yes,No,6,YES,6,NO,NO,YES,YES,YES,YES,YES,NO,5,60,15,10,10,YES,YES,10,YES,YES,NO,NO,YES,YES,Yes,VNM,OMN
4247,1,Asia,FALSE,TRUE,FALSE,TRUE,Pakistan,Switzerland,2005,2009,Renegotiation,Yes,No,6,YES,NO,YES,YES,YES,YES,YES,NO,NO,YES,10,20,20,10,10,YES,YES,10,NO,YES,NO,NO,NO,"NA",No,PAK,CHE
4307,1,Asia,FALSE,FALSE,FALSE,FALSE,Philippines,United Arab Emirates,2003,2009,New treaty,Yes,No,6,YES,6,NO,NO,YES,NO,NO,YES,NO,YES,10,10,15,10,10,YES,YES,"NA",YES,NO,NO,NO,YES,NO,No,PHL,ARE
402,1,Asia,FALSE,TRUE,FALSE,TRUE,Pakistan,Austria,2005,2008,Renegotiation,Yes,No,6,NO,NO,NO,NO,YES,YES,YES,YES,YES,YES,10,20,15,15,10,YES,YES,10,YES,YES,YES,NO,NO,YES,No,PAK,AUT
2009,1,Africa,TRUE,TRUE,FALSE,TRUE,Ethiopia,Israel,2004,2008,New treaty,Yes,No,9,NO,NO,YES,YES,NO,NO,NO,NO,NO,NO,5,10,15,10,5,YES,NO,"NA",YES,YES,NO,NO,YES,NO,No,ETH,ISR
2024,1,Africa,TRUE,FALSE,FALSE,FALSE,Ethiopia,Tunisia,2003,2008,New treaty,Yes,No,9,YES,NO,NO,YES,YES,YES,YES,NO,NO,NO,5,"NA",5,10,5,YES,YES,"NA",NO,NO,NO,NO,NO,NO,No,ETH,TUN
2025,1,Africa,TRUE,TRUE,TRUE,TRUE,Ethiopia,Turkey,2005,2008,New treaty,Yes,No,12,NO,NO,YES,YES,NO,NO,YES,YES,NO,NO,10,"NA",10,10,10,YES,NO,"NA",NO,NO,NO,NO,NO,NO,No,ETH,TUR
2355,1,Africa,FALSE,TRUE,TRUE,TRUE,Ghana,Germany,2004,2008,New treaty,Yes,No,9,NO,NO,YES,YES,NO,NO,NO,NO,YES,NO,5,10,15,10,8,YES,NO,8,YES,NO,NO,NO,YES,NO,No,GHA,DEU
2508,1,Africa,FALSE,FALSE,TRUE,TRUE,Ghana,South Africa,2004,2008,New treaty,Yes,No,6,YES,NO,YES,YES,NO,NO,NO,NO,NO,NO,5,10,15,10,10,YES,NO,10,YES,NO,NO,NO,YES,YES,Yes,GHA,ZAF
4232,1,Asia,FALSE,TRUE,FALSE,TRUE,Pakistan,Portugal,2e3,2008,New treaty,Yes,No,6,NO,NO,NO,NO,NO,NO,YES,NO,YES,YES,10,25,15,10,10,YES,YES,10,NO,NO,YES,NO,NO,YES,No,PAK,PRT
4390,1,Asia,FALSE,FALSE,FALSE,FALSE,Sri Lanka,Qatar,2004,2008,New treaty,Yes,No,3,YES,3,NO,NO,YES,YES,YES,YES,YES,YES,10,"NA",10,10,10,YES,YES,"NA",NO,NO,YES,NO,NO,YES,No,LKA,QAT
595,1,Asia,TRUE,FALSE,TRUE,TRUE,Bangladesh,Indonesia,2003,2007,New treaty,Yes,No,6,YES,3,NO,NO,YES,NO,NO,NO,NO,YES,10,10,15,10,10,NO,YES,"NA",YES,NO,NO,NO,NO,NO,No,BGD,IDN
621,1,Asia,TRUE,TRUE,TRUE,TRUE,Bangladesh,United States,2004,2007,Renegotiation,Yes,No,6,NO,NO,NO,NO,YES,NO,NO,NO,NO,NO,10,10,15,10,10,YES,NO,"NA",YES,NO,"NA",NO,YES,YES,No,BGD,USA
719,1,Asia,FALSE,FALSE,FALSE,FALSE,Pakistan,Belarus,2004,2007,New treaty,Yes,No,6,YES,NO,YES,YES,NO,NO,NO,NO,YES,NO,10,25,15,10,15,YES,YES,"NA",NO,NO,YES,YES,YES,YES,No,PAK,BLR
970,1,Asia,FALSE,FALSE,FALSE,FALSE,Pakistan,Bosnia and Herzegovina,2004,2007,New treaty,Yes,No,6,YES,NO,YES,YES,NO,NO,NO,YES,NO,NO,10,"NA",10,20,15,YES,YES,"NA",YES,YES,YES,YES,YES,YES,No,PAK,BIH
2022,1,Africa,TRUE,FALSE,TRUE,TRUE,Ethiopia,South Africa,2004,2007,New treaty,Yes,No,6,YES,6,NO,NO,YES,YES,NO,YES,NO,NO,10,"NA",10,8,20,YES,NO,"NA",YES,NO,NO,YES,NO,NO,No,ETH,ZAF
2500,1,Africa,FALSE,TRUE,TRUE,TRUE,Ghana,Italy,2004,2007,New treaty,Yes,No,6,YES,NO,YES,YES,NO,NO,NO,NO,NO,NO,5,10,15,10,10,YES,YES,10,YES,NO,NO,NO,NO,NO,No,GHA,ITA
3263,1,Asia,FALSE,FALSE,FALSE,FALSE,Pakistan,Jordan,2006,2007,New treaty,Yes,No,6,YES,3,NO,NO,NO,NO,NO,YES,YES,YES,10,"NA",10,10,10,YES,NO,10,NO,YES,YES,YES,YES,YES,No,PAK,JOR
3357,1,Asia,TRUE,TRUE,TRUE,TRUE,Laos,Korea (Rep.),2004,2007,New treaty,Yes,No,12,NO,NO,YES,YES,NO,NO,NO,NO,NO,NO,5,10,10,10,5,YES,NO,"NA",NO,NO,NO,NO,NO,NO,No,LAO,KOR
3960,1,Asia,FALSE,FALSE,FALSE,FALSE,Mongolia,Ukraine,2002,2007,New treaty,Yes,No,12,NO,NO,NO,NO,YES,NO,YES,YES,YES,NO,10,"NA",10,10,10,YES,NO,"NA",YES,NO,NO,NO,YES,NO,No,MNG,UKR
3986,1,Africa,TRUE,FALSE,FALSE,FALSE,Senegal,Morocco,2002,2007,New treaty,Yes,No,6,YES,2,NO,NO,YES,YES,YES,YES,YES,NO,10,"NA",10,10,10,YES,YES,"NA",YES,NO,YES,NO,YES,NO,Yes,SEN,MAR
4083,1,Africa,TRUE,TRUE,FALSE,TRUE,Uganda,Netherlands,2004,2007,New treaty,Yes,No,6,YES,4,YES,NO,NO,NO,NO,NO,YES,NO,0,50,15,10,10,NO,NO,"NA",NO,NO,NO,NO,NO,NO,Yes,UGA,NLD
4236,1,Asia,FALSE,FALSE,FALSE,FALSE,Pakistan,Saudi Arabia,2006,2007,New treaty,Yes,No,6,YES,6,NO,NO,YES,NO,YES,NO,YES,NO,5,"NA",10,10,10,YES,YES,"NA",YES,YES,NO,NO,YES,YES,No,PAK,SAU
4262,1,Asia,FALSE,FALSE,FALSE,FALSE,Pakistan,Yemen,2004,2007,New treaty,Yes,No,6,YES,NO,NO,NO,YES,YES,YES,YES,YES,YES,10,"NA",10,10,10,YES,YES,10,NO,NO,YES,YES,YES,YES,No,PAK,YEM
4520,1,Asia,FALSE,FALSE,FALSE,FALSE,Vietnam,Seychelles,2005,2007,New treaty,Yes,No,6,YES,6,NO,NO,YES,YES,YES,NO,YES,NO,10,"NA",10,10,10,YES,YES,"NA",YES,YES,NO,NO,YES,YES,No,VNM,SYC
4596,1,Africa,TRUE,FALSE,TRUE,TRUE,Tanzania,South Africa,2005,2007,Renegotiation,Yes,No,6,YES,6,YES,YES,NO,YES,NO,NO,YES,YES,10,15,20,10,10,YES,NO,"NA",YES,NO,NO,YES,YES,YES,Yes,TZA,ZAF
4644,1,Asia,FALSE,FALSE,FALSE,FALSE,Vietnam,Sri Lanka,2005,2007,New treaty,Yes,No,3,YES,NO,NO,NO,YES,YES,YES,YES,YES,YES,10,"NA",10,10,15,YES,YES,15,YES,YES,YES,YES,YES,YES,No,VNM,LKA
4644,0,Asia,FALSE,FALSE,FALSE,FALSE,Sri Lanka,Vietnam,2005,2007,New treaty,Yes,No,3,YES,NO,NO,NO,YES,YES,YES,YES,YES,YES,10,"NA",10,10,15,YES,YES,15,YES,YES,YES,YES,YES,YES,No,LKA,VNM
605,1,Asia,TRUE,TRUE,FALSE,TRUE,Bangladesh,Norway,2004,2006,New treaty,Yes,No,6,NO,NO,NO,NO,YES,NO,NO,NO,NO,YES,10,10,15,10,10,YES,NO,"NA",NO,NO,NO,NO,NO,YES,Yes,BGD,NOR
622,1,Asia,FALSE,FALSE,FALSE,FALSE,Vietnam,Bangladesh,2004,2006,New treaty,Yes,No,6,YES,NO,NO,NO,YES,YES,YES,YES,YES,YES,15,"NA",15,15,15,YES,YES,15,YES,YES,NO,NO,NO,YES,No,VNM,BGD
622,0,Asia,TRUE,FALSE,FALSE,FALSE,Bangladesh,Vietnam,2004,2006,New treaty,Yes,No,6,YES,NO,NO,NO,YES,YES,YES,YES,YES,YES,15,"NA",15,15,15,YES,YES,15,YES,YES,NO,NO,NO,YES,No,BGD,VNM
1173,1,Africa,FALSE,FALSE,FALSE,FALSE,Cameroon,Tunisia,1999,2006,New treaty,Yes,No,3,YES,NO,NO,NO,YES,YES,NO,NO,NO,NO,12,"NA",12,15,15,NO,YES,"NA",NO,NO,NO,NO,NO,YES,No,CMR,TUN
1437,1,Asia,FALSE,FALSE,TRUE,TRUE,Sri Lanka,China (People's Rep.),2003,2006,New treaty,Yes,No,6,YES,6,YES,YES,NO,YES,YES,NO,YES,YES,10,"NA",10,10,10,YES,YES,"NA",YES,YES,NO,NO,YES,YES,No,LKA,CHN
3467,1,Africa,FALSE,FALSE,FALSE,FALSE,Zimbabwe,Kuwait,2006,2006,New treaty,Yes,No,3,YES,3,YES,YES,YES,NO,YES,NO,YES,NO,5,10,10,0,10,YES,NO,"NA",NO,NO,NO,YES,NO,NO,No,ZWE,KWT
4250,1,Asia,FALSE,FALSE,FALSE,FALSE,Pakistan,Tajikistan,2004,2006,New treaty,Yes,No,6,YES,NO,NO,NO,YES,YES,YES,YES,YES,NO,5,25,10,10,10,YES,YES,"NA",YES,NO,YES,YES,YES,YES,No,PAK,TJK
4261,1,Asia,FALSE,FALSE,FALSE,FALSE,Vietnam,Pakistan,2004,2006,New treaty,Yes,No,6,YES,NO,NO,NO,YES,YES,YES,YES,YES,NO,15,"NA",15,15,15,YES,YES,15,YES,YES,YES,YES,YES,YES,No,VNM,PAK
4261,0,Asia,FALSE,FALSE,FALSE,FALSE,Pakistan,Vietnam,2004,2006,New treaty,Yes,No,6,YES,NO,NO,NO,YES,YES,YES,YES,YES,NO,15,"NA",15,15,15,YES,YES,15,YES,YES,YES,YES,YES,YES,No,PAK,VNM
4634,1,Asia,FALSE,TRUE,FALSE,TRUE,Vietnam,Spain,2005,2006,New treaty,Yes,No,6,YES,6,YES,YES,YES,NO,YES,NO,YES,NO,10,25,15,10,10,YES,YES,"NA",YES,YES,NO,NO,NO,NO,No,VNM,ESP
389,1,Asia,FALSE,TRUE,FALSE,TRUE,Mongolia,Austria,2003,2005,New treaty,Yes,No,12,NO,NO,YES,YES,NO,NO,NO,NO,NO,NO,5,10,10,10,10,NO,NO,"NA",NO,NO,NO,NO,YES,NO,No,MNG,AUT
2156,1,Africa,TRUE,TRUE,TRUE,TRUE,Guinea,France,1999,2005,New treaty,Yes,No,6,NO,NO,YES,YES,NO,NO,NO,NO,NO,NO,15,"NA",15,10,10,NO,NO,"NA",YES,NO,NO,NO,YES,NO,Yes,GIN,FRA
2812,1,Africa,TRUE,FALSE,TRUE,TRUE,Sudan,India,2003,2005,New treaty,Yes,No,6,YES,NO,YES,YES,YES,YES,YES,NO,NO,NO,10,"NA",10,10,10,YES,YES,10,NO,YES,NO,NO,NO,NO,Yes,SDN,IND
2832,1,Africa,TRUE,FALSE,TRUE,TRUE,Uganda,India,2004,2005,New treaty,Yes,No,6,YES,NO,YES,NO,YES,YES,YES,NO,NO,NO,10,"NA",10,10,10,YES,YES,10,YES,YES,NO,NO,NO,NO,Yes,UGA,IND
2925,1,Asia,FALSE,FALSE,FALSE,FALSE,Pakistan,Iran,1999,2005,New treaty,Yes,No,12,YES,NO,YES,YES,NO,NO,YES,NO,NO,NO,5,"NA",5,10,10,YES,YES,"NA",YES,NO,NO,NO,YES,YES,No,PAK,IRN
3099,1,Africa,TRUE,TRUE,TRUE,TRUE,Mozambique,Italy,1998,2005,New treaty,Yes,No,6,NO,NO,YES,YES,NO,NO,NO,NO,NO,NO,15,"NA",15,10,10,YES,YES,"NA",NO,NO,NO,NO,NO,NO,No,MOZ,ITA
3474,1,Asia,FALSE,FALSE,FALSE,FALSE,Mongolia,Kyrgyzstan,1999,2005,New treaty,Yes,No,12,YES,12,YES,YES,NO,NO,NO,NO,YES,"NA",10,"NA",10,10,10,YES,YES,"NA",YES,NO,NO,NO,NO,NO,No,MNG,KGZ
3548,1,Africa,TRUE,FALSE,FALSE,FALSE,Senegal,Lebanon,2002,2005,New treaty,Yes,No,6,YES,6,YES,YES,NO,YES,NO,NO,NO,NO,10,"NA",10,10,10,NO,NO,"NA",NO,NO,NO,YES,NO,NO,Yes,SEN,LBN
3559,1,Africa,TRUE,FALSE,FALSE,FALSE,Lesotho,Mauritius,1997,2005,New treaty,Yes,No,6,YES,6,NO,NO,YES,NO,NO,NO,NO,NO,10,"NA",10,10,10,YES,YES,"NA",YES,NO,NO,NO,YES,NO,No,LSO,MUS
3868,1,Africa,TRUE,FALSE,FALSE,FALSE,Senegal,Mauritius,2002,2005,New treaty,Yes,No,9,YES,9,YES,YES,NO,YES,NO,NO,YES,NO,0,"NA",0,0,0,YES,NO,"NA",NO,NO,NO,NO,NO,NO,No,SEN,MUS
3882,1,Africa,TRUE,FALSE,FALSE,FALSE,Uganda,Mauritius,2003,2005,New treaty,Yes,No,6,YES,4,NO,NO,YES,NO,NO,NO,YES,NO,10,"NA",10,10,10,YES,YES,10,NO,NO,NO,NO,NO,NO,No,UGA,MUS
3956,1,Asia,FALSE,FALSE,FALSE,FALSE,Mongolia,Singapore,2002,2005,New treaty,Yes,No,6,YES,6,YES,YES,NO,NO,NO,NO,NO,NO,5,25,10,10,5,YES,YES,"NA",YES,NO,NO,NO,NO,YES,No,MNG,SGP
4009,1,Africa,TRUE,FALSE,FALSE,FALSE,Mozambique,United Arab Emirates,2003,2005,New treaty,Yes,No,12,YES,9,YES,YES,YES,NO,NO,NO,NO,NO,0,"NA",0,0,5,YES,NO,"NA",YES,NO,NO,NO,YES,NO,No,MOZ,ARE
4014,1,Asia,FALSE,FALSE,FALSE,FALSE,Vietnam,Myanmar,2e3,2005,New treaty,Yes,No,6,YES,6,NO,NO,YES,YES,YES,NO,YES,YES,10,"NA",10,10,10,YES,YES,10,YES,YES,NO,NO,NO,YES,No,VNM,MMR
4014,0,Asia,TRUE,FALSE,FALSE,FALSE,Myanmar,Vietnam,2e3,2005,New treaty,Yes,No,6,YES,6,NO,NO,YES,YES,YES,NO,YES,YES,10,"NA",10,10,10,YES,YES,10,YES,YES,NO,NO,NO,YES,No,MMR,VNM
4491,1,Africa,TRUE,FALSE,FALSE,FALSE,Senegal,Taiwan,2e3,2005,New treaty,Yes,No,6,NO,NO,NO,NO,NO,NO,NO,NO,NO,NO,10,"NA",10,15,12.5,YES,YES,"NA",NO,NO,NO,NO,NO,NO,No,SEN,TWN
4588,1,Africa,FALSE,FALSE,TRUE,TRUE,Swaziland,South Africa,2004,2005,Renegotiation,Yes,No,6,YES,3,NO,NO,YES,NO,NO,NO,NO,NO,10,25,15,10,10,YES,NO,10,YES,NO,NO,YES,NO,YES,Yes,SWZ,ZAF
570,1,Asia,FALSE,FALSE,FALSE,FALSE,Philippines,Bahrain,2001,2004,New treaty,Yes,No,6,YES,6,NO,NO,YES,NO,NO,YES,YES,YES,10,10,15,10,10,YES,YES,"NA",YES,NO,NO,NO,NO,YES,No,PHL,BHR
607,1,Asia,FALSE,FALSE,FALSE,FALSE,Philippines,Bangladesh,1997,2004,New treaty,Yes,No,6,YES,6,NO,NO,YES,NO,NO,NO,NO,"NA",10,25,15,15,15,YES,YES,"NA",YES,NO,NO,NO,YES,YES,No,PHL,BGD
607,0,Asia,TRUE,FALSE,FALSE,FALSE,Bangladesh,Philippines,1997,2004,New treaty,Yes,No,6,YES,6,NO,NO,YES,NO,NO,NO,NO,"NA",10,25,15,15,15,YES,YES,"NA",YES,NO,NO,NO,YES,YES,No,BGD,PHL
617,1,Asia,TRUE,TRUE,TRUE,TRUE,Bangladesh,Turkey,1999,2004,New treaty,Yes,No,12,NO,NO,YES,YES,NO,NO,NO,NO,NO,YES,10,"NA",10,10,10,NO,NO,"NA",NO,NO,NO,NO,NO,NO,No,BGD,TUR
1128,1,Asia,FALSE,FALSE,FALSE,FALSE,Mongolia,Bulgaria,2e3,2004,New treaty,Yes,No,12,NO,NO,YES,YES,NO,YES,YES,NO,NO,NO,10,"NA",10,10,10,YES,YES,"NA",NO,NO,NO,NO,YES,NO,No,MNG,BGR
1265,1,Africa,TRUE,TRUE,TRUE,TRUE,Senegal,Canada,2001,2004,New treaty,Yes,No,3,NO,NO,NO,NO,YES,YES,NO,NO,NO,NO,16,"NA",16,16,15,YES,YES,"NA",YES,NO,NO,NO,YES,NO,No,SEN,CAN
1569,1,Asia,FALSE,FALSE,FALSE,FALSE,Vietnam,Cuba,2002,2004,New treaty,Yes,No,6,YES,6,NO,NO,YES,YES,YES,YES,YES,NO,5,70,15,10,10,YES,YES,"NA",YES,YES,NO,NO,NO,YES,No,VNM,CUB
1701,1,Asia,FALSE,TRUE,FALSE,TRUE,Philippines,Czech Republic,2e3,2004,New treaty,Yes,No,6,YES,6,YES,YES,NO,NO,NO,NO,NO,YES,10,10,15,10,10,YES,YES,"NA",YES,NO,NO,NO,YES,YES,No,PHL,CZE
3369,1,Asia,TRUE,TRUE,TRUE,TRUE,Myanmar,Korea (Rep.),2002,2004,New treaty,Yes,No,6,YES,6,YES,YES,NO,YES,NO,NO,NO,YES,10,"NA",10,10,15,YES,YES,"NA",YES,YES,NO,NO,NO,NO,No,MMR,KOR
3370,1,Asia,TRUE,TRUE,TRUE,TRUE,Nepal,Korea (Rep.),2001,2004,New treaty,Yes,No,6,YES,NO,YES,YES,NO,YES,NO,NO,YES,NO,5,25,15,10,15,YES,NO,"NA",YES,NO,NO,NO,YES,NO,No,NPL,KOR
3632,1,Asia,FALSE,TRUE,FALSE,TRUE,Mongolia,Luxembourg,1998,2004,New treaty,Yes,Yes,6,NO,NO,NO,NO,YES,YES,YES,NO,NO,NO,5,10,15,10,5,YES,NO,5,NO,NO,NO,NO,YES,NO,No,MNG,LUX
3953,1,Asia,FALSE,TRUE,FALSE,TRUE,Mongolia,Netherlands,2002,2004,New treaty,Yes,Yes,12,NO,NO,YES,YES,NO,NO,YES,NO,NO,NO,15,"NA",15,10,5,NO,NO,5,NO,NO,NO,YES,YES,NO,Yes,MNG,NLD
4301,1,Asia,FALSE,TRUE,FALSE,TRUE,Philippines,Sweden,1998,2004,Renegotiation,Yes,No,6,YES,6,YES,YES,YES,NO,NO,NO,NO,YES,10,25,15,10,15,YES,NO,"NA",YES,NO,NO,NO,YES,YES,No,PHL,SWE
4310,1,Asia,FALSE,FALSE,FALSE,FALSE,Vietnam,Philippines,2001,2004,New treaty,Yes,No,3,YES,6,NO,NO,YES,YES,YES,YES,YES,YES,10,25,15,15,15,YES,YES,"NA",NO,YES,NO,NO,YES,YES,No,VNM,PHL
4310,0,Asia,FALSE,FALSE,FALSE,FALSE,Philippines,Vietnam,2001,2004,New treaty,Yes,No,3,YES,6,NO,NO,YES,YES,YES,YES,YES,YES,10,25,15,15,15,YES,YES,"NA",NO,YES,NO,NO,YES,YES,No,PHL,VNM
4391,1,Africa,TRUE,FALSE,FALSE,FALSE,Sudan,Qatar,1998,2004,New treaty,Yes,No,6,NO,NO,YES,NO,NO,NO,NO,NO,NO,NO,0,"NA",0,0,NO LIMIT,NO,YES,"NA",NO,NO,NO,YES,NO,NO,No,SDN,QAT
4640,1,Asia,FALSE,FALSE,FALSE,FALSE,Sri Lanka,United Arab Emirates,2003,2004,New treaty,Yes,No,6,YES,6,NO,NO,YES,YES,YES,YES,YES,YES,10,"NA",10,10,10,YES,YES,"NA",YES,YES,NO,YES,YES,"NA",No,LKA,ARE
4643,1,Asia,FALSE,TRUE,TRUE,TRUE,Sri Lanka,United States,1985,2004,New treaty,Yes,No,6,NO,6,YES,YES,YES,YES,YES,YES,YES,YES,15,"NA",15,10,10,YES,NO,"NA",YES,YES,NO,NO,YES,YES,No,LKA,USA
4654,1,Africa,TRUE,TRUE,TRUE,TRUE,Sudan,Turkey,2001,2004,New treaty,Yes,No,18,NO,NO,YES,YES,NO,NO,NO,NO,NO,NO,10,"NA",10,10,10,YES,NO,"NA",NO,NO,NO,NO,NO,NO,No,SDN,TUR
392,1,Asia,TRUE,TRUE,FALSE,TRUE,Nepal,Austria,2e3,2003,New treaty,Yes,No,6,YES,6,YES,YES,YES,YES,YES,NO,YES,NO,5,25,15,15,15,YES,NO,"NA",NO,NO,NO,YES,YES,YES,No,NPL,AUT
1242,1,Asia,FALSE,TRUE,TRUE,TRUE,Mongolia,Canada,2002,2003,New treaty,Yes,No,6,YES,6,YES,YES,NO,NO,NO,NO,NO,NO,5,10,15,10,10,YES,YES,5,YES,NO,NO,NO,YES,YES,No,MNG,CAN
2145,1,Asia,FALSE,TRUE,FALSE,TRUE,Vietnam,Finland,2001,2003,New treaty,Yes,No,6,YES,6,YES,YES,YES,YES,YES,YES,YES,NO,10,25,15,10,10,YES,YES,"NA",YES,YES,NO,NO,YES,YES,No,VNM,FIN
2739,1,Asia,FALSE,TRUE,FALSE,TRUE,Vietnam,Iceland,2002,2003,New treaty,Yes,No,6,YES,6,NO,NO,YES,YES,YES,YES,YES,NO,10,25,15,10,10,YES,YES,"NA",YES,YES,NO,NO,YES,YES,No,VNM,ISL
3771,1,Africa,TRUE,FALSE,FALSE,FALSE,Sudan,Malaysia,1993,2003,New treaty,Yes,No,6,YES,NO,NO,NO,YES,NO,YES,NO,NO,NO,10,"NA",10,10,10,YES,YES,10,NO,NO,NO,NO,NO,YES,No,SDN,MYS
3803,1,Africa,TRUE,FALSE,FALSE,FALSE,Mali,Tunisia,2e3,2003,New treaty,Yes,No,6,YES,NO,YES,YES,NO,YES,NO,NO,YES,NO,0,25,5,5,10,YES,YES,"NA",NO,NO,NO,NO,NO,NO,Yes,MLI,TUN
4208,1,Asia,FALSE,FALSE,FALSE,FALSE,Pakistan,Oman,1999,2003,New treaty,Yes,No,6,NO,NO,YES,YES,NO,NO,YES,NO,YES,NO,10,10,12.5,10,12.5,YES,YES,12.5,NO,NO,NO,NO,NO,YES,No,PAK,OMN
4248,1,Asia,FALSE,FALSE,FALSE,FALSE,Pakistan,Syria,2001,2003,New treaty,Yes,No,6,NO,NO,YES,YES,NO,NO,NO,NO,NO,NO,10,"NA",10,10,18,YES,YES,"NA",NO,NO,NO,NO,YES,NO,No,PAK,SYR
4448,1,Asia,FALSE,FALSE,TRUE,TRUE,Sri Lanka,Russia,1999,2003,New treaty,Yes,No,6,YES,6,YES,YES,YES,YES,YES,NO,NO,YES,10,25,15,10,10,YES,YES,"NA",NO,YES,YES,NO,NO,YES,No,LKA,RUS
1419,1,Asia,FALSE,FALSE,TRUE,TRUE,Philippines,China (People's Rep.),1999,2002,New treaty,Yes,No,6,YES,6,YES,YES,NO,NO,NO,NO,NO,YES,10,10,15,10,10,YES,YES,"NA",YES,NO,NO,NO,YES,NO,No,PHL,CHN
1849,1,Africa,TRUE,TRUE,FALSE,TRUE,Uganda,Denmark,2e3,2002,Renegotiation,Yes,No,6,YES,NO,NO,NO,NO,NO,NO,NO,YES,NO,10,25,15,10,10,YES,NO,10,NO,NO,NO,NO,YES,YES,Yes,UGA,DNK
2938,1,Asia,FALSE,FALSE,FALSE,FALSE,Sri Lanka,Iran,2e3,2002,Renegotiation,Yes,No,12,YES,NO,NO,NO,YES,NO,YES,YES,NO,YES,10,"NA",10,10,8,YES,YES,"NA",YES,NO,NO,YES,YES,"NA",No,LKA,IRN
3120,1,Africa,TRUE,TRUE,TRUE,TRUE,Senegal,Italy,1998,2002,New treaty,Yes,No,6,NO,NO,YES,YES,NO,NO,YES,NO,NO,NO,15,"NA",15,15,15,YES,YES,"NA",NO,NO,NO,NO,NO,NO,No,SEN,ITA
3453,1,Asia,FALSE,FALSE,FALSE,FALSE,Sri Lanka,Kuwait,2002,2002,New treaty,Yes,No,3,YES,3,YES,YES,YES,YES,YES,YES,YES,YES,10,"NA",10,10,20,YES,NO,"NA",NO,NO,NO,YES,NO,YES,No,LKA,KWT
3954,1,Asia,FALSE,TRUE,FALSE,TRUE,Mongolia,Poland,1997,2002,New treaty,Yes,No,12,NO,NO,YES,YES,NO,NO,YES,YES,NO,NO,10,"NA",10,10,5,YES,YES,"NA",YES,NO,NO,NO,YES,YES,No,MNG,POL
3957,1,Asia,FALSE,TRUE,FALSE,TRUE,Mongolia,Switzerland,1999,2002,New treaty,Yes,No,6,YES,NO,YES,YES,NO,NO,YES,NO,NO,NO,5,25,15,10,5,YES,NO,"NA",NO,NO,NO,NO,NO,NO,No,MNG,CHE
4193,1,Africa,TRUE,TRUE,FALSE,TRUE,Uganda,Norway,1999,2002,New treaty,Yes,No,6,YES,NO,NO,NO,NO,NO,NO,NO,YES,NO,10,25,15,10,10,YES,NO,10,NO,NO,NO,NO,NO,YES,Yes,UGA,NOR
4235,1,Asia,FALSE,FALSE,FALSE,FALSE,Pakistan,Romania,1999,2002,Renegotiation,Yes,No,9,YES,6,YES,YES,NO,YES,NO,NO,NO,NO,10,"NA",10,10,12.5,YES,YES,"NA",YES,NO,NO,NO,YES,NO,No,PAK,ROU
4302,1,Asia,FALSE,TRUE,FALSE,TRUE,Philippines,Switzerland,1998,2002,New treaty,Yes,No,6,YES,6,YES,YES,YES,NO,YES,NO,NO,YES,10,10,15,10,15,YES,NO,"NA",YES,NO,NO,NO,NO,"NA",No,PHL,CHE
4603,1,Africa,TRUE,FALSE,TRUE,TRUE,Uganda,South Africa,1997,2002,Renegotiation,Yes,No,6,YES,NO,NO,NO,NO,NO,YES,NO,YES,NO,10,25,15,10,10,YES,NO,10,NO,NO,NO,YES,NO,YES,Yes,UGA,ZAF
837,1,Asia,FALSE,TRUE,FALSE,TRUE,Mongolia,Belgium,1995,2001,New treaty,Yes,No,6,NO,NO,YES,YES,NO,NO,YES,NO,NO,NO,5,10,15,10,5,YES,NO,"NA",NO,NO,NO,NO,YES,YES,Yes,MNG,BEL
1307,1,Asia,FALSE,TRUE,FALSE,TRUE,Cape Verde,Portugal,1999,2001,New treaty,Yes,No,6,YES,6,YES,YES,NO,NO,NO,NO,NO,NO,10,"NA",10,10,10,YES,YES,"NA",NO,NO,NO,NO,YES,NO,No,CPV,PRT
3961,1,Asia,FALSE,FALSE,FALSE,FALSE,Mongolia,United Arab Emirates,2001,2001,New treaty,Yes,Yes,18,YES,18,YES,YES,YES,YES,YES,YES,YES,NO,0,"NA",0,0,10,YES,NO,"NA",NO,NO,NO,NO,NO,NO,No,MNG,ARE
4027,1,Asia,FALSE,FALSE,FALSE,FALSE,Sri Lanka,Nepal,1999,2001,New treaty,Yes,No,3,YES,3,NO,NO,YES,YES,YES,YES,YES,YES,15,"NA",15,15,15,YES,YES,"NA",NO,YES,YES,YES,YES,"NA",No,LKA,NPL
4027,0,Asia,TRUE,FALSE,FALSE,FALSE,Nepal,Sri Lanka,1999,2001,New treaty,Yes,No,3,YES,3,NO,NO,YES,YES,YES,YES,YES,YES,15,"NA",15,15,15,YES,YES,"NA",NO,YES,YES,YES,YES,"NA",No,NPL,LKA
4382,1,Africa,TRUE,FALSE,FALSE,FALSE,Senegal,Qatar,1998,2001,New treaty,Yes,No,3,NO,NO,NO,NO,YES,YES,YES,NO,NO,NO,0,"NA",0,0,0,YES,YES,"NA",NO,YES,NO,NO,NO,NO,Yes,SEN,QAT
608,1,Asia,TRUE,TRUE,FALSE,TRUE,Bangladesh,Poland,1997,2e3,New treaty,Yes,No,6,NO,NO,NO,NO,YES,NO,NO,NO,NO,YES,10,10,15,10,10,NO,YES,"NA",YES,NO,NO,NO,YES,YES,No,BGD,POL
916,1,Asia,FALSE,TRUE,FALSE,TRUE,Vietnam,Belgium,1996,2e3,New treaty,Yes,No,6,YES,6,NO,NO,YES,NO,NO,YES,YES,NO,5,50,15,10,15,YES,YES,15,YES,YES,NO,NO,YES,NO,Yes,VNM,BEL
1250,1,Africa,FALSE,TRUE,TRUE,TRUE,Nigeria,Canada,1992,2e3,New treaty,Yes,No,3,YES,NO,YES,YES,NO,NO,NO,YES,YES,YES,12.5,10,15,12.5,12.5,YES,YES,"NA","NA","NA",NO,YES,NO,YES,No,NGA,CAN
1390,1,Asia,TRUE,FALSE,TRUE,TRUE,Laos,China (People's Rep.),1999,2e3,New treaty,Yes,No,12,YES,NO,YES,YES,NO,NO,YES,NO,NO,NO,5,"NA",5,5,5,YES,YES,"NA",YES,YES,NO,NO,YES,NO,No,LAO,CHN
1438,1,Africa,TRUE,FALSE,TRUE,TRUE,Sudan,China (People's Rep.),1997,2e3,New treaty,Yes,No,18,YES,12,YES,YES,NO,NO,YES,NO,NO,NO,5,"NA",5,10,10,YES,YES,"NA",YES,YES,NO,NO,YES,NO,No,SDN,CHN
2906,1,Asia,FALSE,FALSE,TRUE,TRUE,Vietnam,Indonesia,1997,2e3,New treaty,Yes,No,6,YES,3,NO,NO,YES,YES,YES,YES,YES,NO,15,"NA",15,15,15,YES,YES,"NA",YES,YES,NO,YES,NO,YES,Yes,VNM,IDN
3746,1,Asia,FALSE,FALSE,FALSE,FALSE,Papua New Guinea,Malaysia,1993,2e3,New treaty,Yes,No,6,YES,NO,NO,NO,YES,NO,YES,NO,NO,NO,15,"NA",15,15,10,YES,YES,10,"NA","NA",NO,NO,NO,YES,No,PNG,MYS
3770,1,Asia,FALSE,FALSE,FALSE,FALSE,Sri Lanka,Malaysia,1997,2e3,Renegotiation,Yes,No,6,YES,2,NO,NO,YES,YES,YES,NO,NO,YES,15,"NA",15,10,10,YES,YES,"NA",NO,YES,NO,NO,NO,YES,No,LKA,MYS
3855,1,Africa,TRUE,FALSE,FALSE,FALSE,Mozambique,Mauritius,1997,2e3,New treaty,Yes,No,6,YES,6,NO,NO,YES,NO,NO,NO,YES,NO,8,25,15,8,5,YES,NO,"NA",NO,NO,NO,NO,YES,NO,No,MOZ,MUS
3857,1,Asia,TRUE,FALSE,FALSE,FALSE,Nepal,Mauritius,1999,2e3,New treaty,Yes,No,6,YES,6,NO,NO,YES,YES,YES,YES,YES,NO,5,15,15,15,15,YES,YES,"NA",NO,NO,YES,NO,YES,YES,No,NPL,MUS
4233,1,Asia,FALSE,FALSE,FALSE,FALSE,Pakistan,Qatar,1999,2e3,New treaty,Yes,No,6,YES,NO,NO,NO,NO,YES,NO,NO,NO,NO,5,10,10,10,10,YES,NO,10,NO,NO,YES,NO,NO,YES,No,PAK,QAT
4241,1,Asia,FALSE,FALSE,TRUE,TRUE,Pakistan,South Africa,1998,2e3,New treaty,Yes,No,6,YES,6,NO,NO,NO,NO,NO,NO,YES,YES,10,10,15,10,10,YES,NO,10,NO,NO,NO,YES,YES,YES,No,PAK,ZAF
4659,1,Africa,FALSE,FALSE,FALSE,FALSE,Swaziland,Taiwan,1998,2e3,New treaty,Yes,No,12,YES,6,YES,YES,NO,NO,NO,NO,NO,NO,10,"NA",10,10,10,YES,NO,10,NO,NO,NO,YES,NO,YES,No,SWZ,TWN
616,1,Asia,TRUE,FALSE,FALSE,FALSE,Bangladesh,Thailand,1997,1999,New treaty,Yes,No,6,NO,NO,NO,NO,YES,NO,NO,NO,NO,YES,10,10,15,15,15,YES,YES,"NA",NO,NO,NO,NO,NO,YES,No,BGD,THA
1302,1,Asia,FALSE,TRUE,TRUE,TRUE,Vietnam,Canada,1997,1999,New treaty,Yes,No,6,YES,6,NO,NO,YES,YES,YES,NO,YES,NO,10,25,15,10,10,YES,YES,7.5,NO,YES,NO,NO,YES,YES,No,VNM,CAN
1690,1,Asia,FALSE,TRUE,FALSE,TRUE,Mongolia,Czech Republic,1997,1999,New treaty,Yes,No,12,YES,6,NO,NO,YES,YES,YES,NO,NO,NO,10,"NA",10,10,10,YES,YES,"NA",NO,NO,NO,NO,YES,NO,No,MNG,CZE
1739,1,Asia,FALSE,TRUE,FALSE,TRUE,Vietnam,Czech Republic,1997,1999,New treaty,Yes,No,6,YES,6,NO,NO,YES,YES,YES,NO,YES,NO,10,"NA",10,10,10,YES,YES,"NA",YES,NO,NO,NO,NO,NO,No,VNM,CZE
2046,1,Asia,FALSE,FALSE,FALSE,FALSE,Papua New Guinea,Fiji,1998,1999,New treaty,Yes,No,4,YES,4,NO,NO,YES,NO,YES,YES,NO,NO,17,"NA",17,10,15,YES,YES,15,NO,NO,NO,NO,NO,YES,No,PNG,FJI
2209,1,Asia,FALSE,TRUE,TRUE,TRUE,Mongolia,France,1996,1999,New treaty,Yes,No,12,NO,NO,YES,YES,NO,NO,NO,NO,NO,NO,5,10,15,10,5,NO,NO,"NA",YES,NO,NO,NO,YES,NO,No,MNG,FRA
2299,1,Africa,TRUE,FALSE,FALSE,FALSE,Gambia,Taiwan,1998,1999,New treaty,Yes,No,12,YES,NO,YES,YES,NO,NO,NO,NO,NO,NO,10,"NA",10,10,10,YES,YES,"NA",NO,NO,NO,NO,NO,NO,No,GMB,TWN
2668,1,Asia,FALSE,TRUE,FALSE,TRUE,Mongolia,Hungary,1994,1999,New treaty,Yes,No,12,NO,NO,YES,YES,NO,NO,YES,YES,NO,NO,5,25,15,10,5,YES,YES,"NA",NO,NO,NO,NO,NO,YES,No,MNG,HUN
3288,1,Asia,FALSE,FALSE,FALSE,FALSE,Mongolia,Kazakhstan,1998,1999,New treaty,Yes,No,12,YES,6,NO,NO,NO,YES,YES,YES,YES,NO,10,"NA",10,10,10,NO,YES,"NA",NO,NO,NO,NO,NO,YES,No,MNG,KAZ
3379,1,Asia,FALSE,TRUE,TRUE,TRUE,Papua New Guinea,Korea (Rep.),1996,1999,New treaty,Yes,No,6,YES,NO,YES,YES,NO,NO,NO,NO,NO,NO,15,"NA",15,10,10,YES,YES,"NA",NO,NO,NO,NO,NO,NO,No,PNG,KOR
3438,1,Asia,FALSE,FALSE,FALSE,FALSE,Pakistan,Kuwait,1998,1999,New treaty,Yes,No,6,YES,9,YES,YES,YES,NO,YES,NO,YES,NO,10,"NA",10,10,10,YES,YES,"NA",NO,NO,NO,NO,NO,NO,No,PAK,KWT
4028,1,Asia,TRUE,FALSE,FALSE,FALSE,Nepal,Thailand,1998,1999,New treaty,Yes,No,6,YES,6,NO,NO,YES,YES,YES,YES,YES,YES,10,10,15,15,15,YES,YES,15,NO,YES,YES,YES,NO,YES,No,NPL,THA
588,1,Asia,TRUE,FALSE,TRUE,TRUE,Bangladesh,China (People's Rep.),1996,1998,New treaty,Yes,No,6,YES,6,YES,YES,NO,NO,YES,NO,NO,YES,10,"NA",10,10,10,YES,YES,"NA",NO,NO,NO,NO,YES,NO,No,BGD,CHN
751,1,Asia,FALSE,FALSE,FALSE,FALSE,Vietnam,Belarus,1997,1998,New treaty,Yes,No,6,YES,6,YES,YES,YES,YES,YES,NO,YES,NO,15,"NA",15,10,15,YES,YES,"NA",YES,YES,NO,NO,YES,YES,No,VNM,BLR
1282,1,Africa,TRUE,TRUE,TRUE,TRUE,Tanzania,Canada,1995,1998,New treaty,Yes,No,6,YES,6,YES,YES,NO,YES,YES,YES,NO,YES,20,15,25,15,20,YES,YES,20,YES,YES,YES,YES,YES,YES,No,TZA,CAN
1918,1,Asia,FALSE,FALSE,FALSE,FALSE,Pakistan,Egypt,1995,1998,New treaty,Yes,No,3,YES,NO,NO,NO,YES,YES,YES,YES,YES,"NA",15,"NA",30,15,15,YES,YES,15,YES,YES,YES,NO,YES,YES,No,PAK,EGY
2154,1,Africa,FALSE,TRUE,TRUE,TRUE,Ghana,France,1993,1998,New treaty,Yes,No,6,YES,NO,YES,YES,NO,NO,NO,NO,YES,NO,7.5,10,15,12.5,12.5,NO,NO,10,YES,NO,NO,NO,YES,NO,No,GHA,FRA
2295,1,Africa,TRUE,TRUE,FALSE,TRUE,Gambia,Norway,1994,1998,Renegotiation,Yes,No,6,YES,NO,NO,NO,NO,YES,YES,NO,YES,NO,5,25,15,15,12.5,YES,NO,12.5,NO,YES,NO,YES,YES,NO,No,GMB,NOR
2675,1,Asia,FALSE,TRUE,FALSE,TRUE,Philippines,Hungary,1997,1998,New treaty,Yes,No,6,YES,6,YES,YES,NO,YES,YES,NO,YES,"NA",15,25,20,15,15,YES,NO,"NA",YES,NO,NO,NO,YES,YES,No,PHL,HUN
3141,1,Africa,TRUE,TRUE,TRUE,TRUE,Uganda,Italy,2e3,1998,New treaty,Yes,No,6,NO,6,YES,YES,NO,NO,NO,NO,YES,NO,15,"NA",15,15,10,YES,YES,10,NO,NO,NO,NO,NO,NO,No,UGA,ITA
3435,1,Asia,FALSE,FALSE,FALSE,FALSE,Mongolia,Kuwait,1998,1998,New treaty,Yes,Yes,3,YES,3,YES,YES,YES,YES,YES,YES,YES,NO,5,"NA",5,5,10,YES,NO,"NA",NO,NO,NO,NO,NO,NO,No,MNG,KWT
3504,1,Asia,TRUE,FALSE,FALSE,FALSE,Laos,Thailand,1997,1998,New treaty,Yes,No,6,YES,6,YES,YES,NO,NO,NO,NO,NO,YES,15,"NA",15,15,15,YES,YES,"NA",NO,NO,NO,NO,NO,YES,No,LAO,THA
3564,1,Africa,TRUE,TRUE,TRUE,TRUE,Lesotho,United Kingdom,1997,1998,Renegotiation,Yes,No,6,NO,NO,YES,YES,NO,NO,NO,NO,NO,NO,10,"NA",10,10,10,YES,NO,10,"NA","NA",NO,NO,NO,NO,No,LSO,GBR
3797,1,Asia,FALSE,FALSE,FALSE,FALSE,Vietnam,Malaysia,1995,1998,New treaty,Yes,No,6,YES,NO,YES,YES,YES,NO,YES,NO,NO,NO,10,"NA",10,10,10,YES,YES,10,YES,NO,NO,NO,NO,YES,No,VNM,MYS
3798,1,Africa,FALSE,FALSE,FALSE,FALSE,Zimbabwe,Malaysia,1994,1998,New treaty,Yes,No,9,YES,NO,YES,YES,YES,NO,YES,NO,NO,NO,10,15,20,10,10,YES,YES,10,NO,NO,NO,NO,NO,YES,No,ZWE,MYS
3875,1,Asia,FALSE,FALSE,FALSE,FALSE,Sri Lanka,Mauritius,1996,1998,New treaty,Yes,No,6,YES,6,NO,NO,YES,YES,NO,YES,YES,YES,10,10,15,10,10,YES,YES,"NA",YES,NO,YES,NO,YES,YES,No,LKA,MUS
3955,1,Asia,FALSE,FALSE,TRUE,TRUE,Mongolia,Russia,1995,1998,New treaty,Yes,No,24,YES,NO,YES,YES,NO,NO,YES,NO,NO,NO,10,"NA",10,10,NO LIMIT,YES,YES,"NA",NO,NO,NO,NO,NO,NO,No,MNG,RUS
4024,1,Asia,TRUE,TRUE,FALSE,TRUE,Nepal,Norway,1996,1998,New treaty,Yes,No,6,YES,6,NO,NO,NO,YES,NO,NO,YES,NO,5,25,15,15,15,YES,NO,"NA",NO,NO,NO,NO,NO,NO,No,NPL,NOR
4252,1,Asia,FALSE,FALSE,FALSE,FALSE,Pakistan,Tunisia,1996,1998,New treaty,Yes,No,6,YES,NO,NO,NO,YES,YES,NO,NO,YES,NO,10,"NA",10,13,10,NO,YES,"NA",NO,NO,NO,NO,NO,NO,No,PAK,TUN
4254,1,Asia,FALSE,FALSE,FALSE,FALSE,Pakistan,Turkmenistan,1994,1998,New treaty,Yes,No,6,YES,6,NO,NO,YES,YES,YES,NO,NO,NO,10,"NA",10,10,10,NO,YES,"NA",YES,NO,NO,NO,NO,YES,Yes,PAK,TKM
4292,1,Asia,FALSE,TRUE,FALSE,TRUE,Philippines,Poland,1992,1998,New treaty,Yes,No,6,NO,6,NO,NO,YES,NO,YES,NO,YES,YES,10,25,15,10,15,YES,YES,"NA",YES,NO,NO,NO,NO,YES,No,PHL,POL
4294,1,Asia,FALSE,FALSE,FALSE,FALSE,Philippines,Romania,1994,1998,New treaty,Yes,No,6,NO,NO,YES,YES,YES,YES,NO,YES,YES,YES,10,25,15,15,25,YES,YES,"NA",YES,NO,NO,NO,YES,YES,Yes,PHL,ROU
4295,1,Asia,FALSE,FALSE,TRUE,TRUE,Philippines,Russia,1995,1998,New treaty,Yes,No,6,YES,6,NO,NO,YES,NO,YES,YES,NO,YES,15,"NA",15,15,15,YES,YES,"NA",NO,YES,NO,NO,NO,YES,No,PHL,RUS
4715,1,Asia,FALSE,TRUE,FALSE,TRUE,Vietnam,Switzerland,1996,1998,New treaty,Yes,No,6,YES,6,YES,YES,YES,YES,YES,YES,NO,NO,7,50,15,10,10,YES,YES,"NA",YES,YES,NO,NO,NO,"NA",No,VNM,CHE
4726,1,Asia,FALSE,FALSE,FALSE,FALSE,Vietnam,Taiwan,1998,1998,New treaty,Yes,No,6,YES,NO,NO,NO,NO,NO,NO,NO,NO,NO,15,"NA",15,10,15,YES,YES,"NA",YES,NO,NO,NO,NO,NO,No,VNM,TWN
586,1,Asia,TRUE,TRUE,FALSE,TRUE,Bangladesh,Belgium,1990,1997,New treaty,Yes,No,6,NO,NO,NO,NO,YES,NO,NO,NO,NO,YES,15,"NA",15,15,10,YES,YES,"NA",NO,NO,NO,NO,NO,YES,No,BGD,BEL
589,1,Asia,TRUE,TRUE,FALSE,TRUE,Bangladesh,Denmark,1996,1997,New treaty,Yes,No,6,NO,NO,NO,NO,YES,NO,NO,NO,NO,YES,10,10,15,10,10,YES,NO,"NA",YES,NO,NO,NO,YES,YES,No,BGD,DNK
1158,1,Asia,FALSE,FALSE,FALSE,FALSE,Vietnam,Bulgaria,1996,1997,New treaty,Yes,No,6,YES,NO,NO,NO,YES,YES,YES,NO,YES,NO,15,"NA",15,10,15,YES,YES,15,YES,YES,NO,NO,NO,YES,No,VNM,BGR
1463,1,Asia,FALSE,FALSE,TRUE,TRUE,Vietnam,China (People's Rep.),1995,1997,New treaty,Yes,No,6,YES,6,YES,YES,NO,YES,YES,NO,YES,NO,10,"NA",10,10,10,YES,YES,"NA",YES,YES,NO,NO,YES,YES,No,VNM,CHN
1810,1,Asia,FALSE,TRUE,FALSE,TRUE,Philippines,Denmark,1995,1997,Renegotiation,Yes,No,6,YES,6,YES,YES,YES,NO,YES,YES,NO,YES,10,25,15,10,15,YES,YES,"NA",YES,NO,NO,NO,YES,YES,Yes,PHL,DNK
1859,1,Asia,FALSE,TRUE,FALSE,TRUE,Vietnam,Denmark,1995,1997,New treaty,Yes,No,6,YES,6,NO,NO,YES,NO,YES,YES,YES,NO,10,25,15,10,5,YES,YES,"NA",YES,YES,NO,NO,NO,YES,No,VNM,DNK
2010,1,Africa,TRUE,TRUE,TRUE,TRUE,Ethiopia,Italy,1997,1997,New treaty,Yes,No,6,YES,NO,YES,YES,YES,YES,NO,NO,NO,NO,10,"NA",10,10,20,YES,YES,"NA",NO,NO,NO,NO,NO,YES,No,ETH,ITA
2101,1,Asia,FALSE,TRUE,FALSE,TRUE,Pakistan,Finland,1994,1997,New treaty,Yes,No,6,YES,6,YES,YES,NO,NO,YES,NO,NO,YES,12,25,20,15,10,YES,YES,10,YES,NO,NO,NO,YES,YES,No,PAK,FIN
2223,1,Asia,FALSE,TRUE,TRUE,TRUE,Pakistan,France,1994,1997,Renegotiation,Yes,No,6,NO,NO,NO,NO,YES,NO,YES,NO,YES,NO,10,10,15,10,10,YES,YES,10,YES,YES,YES,NO,YES,YES,No,PAK,FRA
2413,1,Asia,FALSE,TRUE,TRUE,TRUE,Mongolia,Germany,1994,1997,New treaty,Yes,No,6,NO,NO,YES,YES,NO,NO,NO,NO,NO,NO,5,10,10,10,10,NO,YES,"NA",NO,NO,NO,NO,NO,NO,No,MNG,DEU
2496,1,Asia,FALSE,TRUE,TRUE,TRUE,Vietnam,Germany,1995,1997,New treaty,Yes,No,6,NO,NO,YES,YES,NO,NO,NO,NO,NO,NO,5,70,15,10,10,YES,YES,7.5,YES,NO,NO,NO,NO,NO,No,VNM,DEU
3046,1,Asia,FALSE,TRUE,FALSE,TRUE,Philippines,Israel,1992,1997,New treaty,Yes,No,6,YES,6,YES,YES,NO,YES,YES,NO,YES,YES,10,10,15,10,15,YES,YES,"NA",YES,NO,NO,NO,YES,YES,No,PHL,ISR
3505,1,Asia,FALSE,FALSE,FALSE,FALSE,Vietnam,Laos,1996,1997,New treaty,Yes,No,6,NO,NO,YES,YES,NO,NO,NO,NO,NO,NO,10,"NA",10,10,10,YES,YES,"NA",NO,NO,NO,NO,NO,NO,No,VNM,LAO
3505,0,Asia,TRUE,FALSE,FALSE,FALSE,Laos,Vietnam,1996,1997,New treaty,Yes,No,6,NO,NO,YES,YES,NO,NO,NO,NO,NO,NO,10,"NA",10,10,10,YES,YES,"NA",NO,NO,NO,NO,NO,NO,No,LAO,VNM
3562,1,Africa,TRUE,FALSE,TRUE,TRUE,Lesotho,South Africa,1995,1997,Renegotiation,Yes,No,6,YES,6,YES,YES,YES,NO,NO,NO,NO,NO,15,"NA",15,10,10,YES,NO,10,"NA","NA",NO,NO,NO,NO,Yes,LSO,ZAF
3736,1,Asia,FALSE,FALSE,FALSE,FALSE,Mongolia,Malaysia,1995,1997,New treaty,Yes,No,6,YES,NO,NO,NO,YES,NO,YES,NO,NO,NO,10,"NA",10,10,10,YES,YES,10,NO,NO,NO,NO,NO,YES,No,MNG,MYS
3959,1,Asia,FALSE,TRUE,TRUE,TRUE,Mongolia,Turkey,1995,1997,New treaty,Yes,No,24,YES,NO,YES,YES,NO,NO,NO,NO,NO,NO,10,"NA",10,10,10,YES,YES,"NA",NO,NO,NO,NO,NO,NO,No,MNG,TUR
3962,1,Asia,FALSE,TRUE,TRUE,TRUE,Mongolia,United Kingdom,1996,1997,New treaty,Yes,No,12,NO,NO,YES,YES,NO,NO,YES,NO,NO,NO,5,10,15,10,5,YES,NO,"NA",YES,NO,NO,NO,YES,NO,No,MNG,GBR
3963,1,Asia,FALSE,FALSE,FALSE,FALSE,Vietnam,Mongolia,1996,1997,New treaty,Yes,No,6,YES,6,NO,NO,YES,YES,YES,YES,YES,NO,10,"NA",10,10,10,YES,YES,10,YES,NO,NO,NO,YES,YES,No,VNM,MNG
3963,0,Asia,FALSE,FALSE,FALSE,FALSE,Mongolia,Vietnam,1996,1997,New treaty,Yes,No,6,YES,6,NO,NO,YES,YES,YES,YES,YES,NO,10,"NA",10,10,10,YES,YES,10,YES,NO,NO,NO,YES,YES,No,MNG,VNM
4147,1,Asia,FALSE,TRUE,FALSE,TRUE,Philippines,Norway,1987,1997,New treaty,Yes,No,6,YES,6,YES,YES,YES,YES,YES,NO,YES,YES,15,10,25,15,25,NO,YES,"NA",NO,YES,NO,NO,NO,NO,No,PHL,NOR
4158,1,Africa,TRUE,TRUE,FALSE,TRUE,Senegal,Norway,1994,1997,New treaty,Yes,No,3,NO,NO,NO,NO,YES,YES,NO,NO,NO,NO,16,"NA",16,16,16,YES,YES,"NA",NO,NO,NO,NO,NO,NO,Yes,SEN,NOR
4205,1,Asia,FALSE,TRUE,FALSE,TRUE,Vietnam,Norway,1995,1997,New treaty,Yes,No,6,YES,6,NO,NO,YES,YES,NO,YES,YES,NO,10,25,15,10,10,YES,YES,"NA",YES,YES,NO,NO,NO,YES,No,VNM,NOR
4260,1,Asia,FALSE,FALSE,FALSE,FALSE,Pakistan,Uzbekistan,1995,1997,New treaty,Yes,No,6,NO,NO,NO,YES,NO,YES,NO,YES,YES,NO,10,"NA",10,10,15,YES,YES,"NA",NO,NO,NO,NO,NO,NO,No,PAK,UZB
4437,1,Asia,FALSE,FALSE,FALSE,FALSE,Vietnam,Romania,1995,1997,New treaty,Yes,No,6,YES,6,YES,YES,YES,YES,YES,YES,NO,NO,15,"NA",15,10,15,YES,YES,"NA",NO,YES,NO,NO,NO,YES,No,VNM,ROU
4468,1,Asia,FALSE,FALSE,TRUE,TRUE,Vietnam,Russia,1993,1997,New treaty,Yes,No,6,YES,12,NO,NO,YES,NO,NO,YES,YES,NO,10,"NA",15,10,15,YES,YES,"NA",YES,NO,NO,NO,NO,YES,No,VNM,RUS
4779,1,Asia,FALSE,FALSE,FALSE,FALSE,Vietnam,Ukraine,1996,1997,New treaty,Yes,No,6,YES,6,NO,NO,YES,NO,YES,NO,YES,NO,10,"NA",10,10,10,YES,YES,"NA",YES,NO,NO,NO,NO,YES,No,VNM,UKR
4800,1,Asia,FALSE,FALSE,FALSE,FALSE,Vietnam,Uzbekistan,1996,1997,New treaty,Yes,No,6,YES,6,NO,NO,YES,YES,YES,YES,YES,NO,15,"NA",15,10,15,YES,YES,15,YES,YES,NO,NO,NO,YES,No,VNM,UZB
508,1,Asia,FALSE,FALSE,FALSE,FALSE,Pakistan,Azerbaijan,1996,1996,New treaty,Yes,No,6,YES,6,NO,NO,YES,YES,YES,NO,NO,NO,10,"NA",10,10,10,YES,NO,"NA",YES,NO,NO,NO,NO,NO,No,PAK,AZE
1417,1,Asia,FALSE,FALSE,TRUE,TRUE,Papua New Guinea,China (People's Rep.),1994,1996,New treaty,Yes,No,6,YES,6,YES,YES,YES,NO,NO,NO,NO,NO,15,"NA",15,10,10,YES,YES,"NA",YES,YES,NO,NO,YES,NO,No,PNG,CHN
2284,1,Africa,FALSE,TRUE,TRUE,TRUE,Zimbabwe,France,1993,1996,New treaty,Yes,No,6,NO,NO,YES,YES,NO,NO,NO,NO,NO,NO,10,25,15,10,10,YES,YES,10,YES,NO,NO,NO,YES,NO,No,ZWE,FRA
2707,1,Asia,FALSE,TRUE,FALSE,TRUE,Vietnam,Hungary,1994,1996,New treaty,Yes,No,6,YES,6,YES,YES,YES,YES,YES,YES,YES,NO,10,"NA",10,10,10,NO,YES,"NA",YES,YES,NO,NO,NO,YES,No,VNM,HUN
2845,1,Asia,FALSE,FALSE,TRUE,TRUE,Vietnam,India,1994,1996,New treaty,Yes,No,6,YES,NO,YES,YES,YES,NO,YES,NO,NO,NO,10,"NA",10,10,10,YES,YES,10,YES,YES,NO,NO,NO,YES,No,VNM,IND
3154,1,Asia,FALSE,TRUE,TRUE,TRUE,Vietnam,Italy,1996,1996,New treaty,Yes,No,6,YES,6,NO,NO,YES,NO,NO,NO,NO,NO,10,25,15,10,10,YES,YES,7.5,NO,YES,NO,NO,NO,NO,No,VNM,ITA
3234,1,Asia,FALSE,TRUE,TRUE,TRUE,Vietnam,Japan,1995,1996,New treaty,Yes,No,6,YES,6,NO,NO,YES,YES,NO,NO,NO,NO,10,"NA",10,10,10,YES,YES,"NA",YES,YES,NO,NO,NO,NO,Yes,VNM,JPN
3293,1,Asia,FALSE,FALSE,FALSE,FALSE,Pakistan,Kazakhstan,1995,1996,New treaty,Yes,No,6,YES,6,YES,YES,NO,NO,NO,YES,YES,NO,12.5,10,15,12.5,15,NO,YES,"NA",YES,NO,NO,NO,NO,YES,No,PAK,KAZ
3686,1,Asia,FALSE,TRUE,FALSE,TRUE,Vietnam,Luxembourg,1996,1996,New treaty,Yes,No,6,YES,6,NO,NO,YES,NO,YES,YES,NO,NO,5,50,15,10,10,YES,YES,"NA",YES,YES,NO,NO,YES,NO,No,VNM,LUX
3718,1,Africa,TRUE,FALSE,FALSE,FALSE,Madagascar,Mauritius,1994,1996,New treaty,Yes,No,6,YES,NO,YES,YES,NO,YES,YES,NO,YES,NO,10,"NA",10,10,5,YES,NO,"NA",NO,NO,NO,NO,YES,NO,No,MDG,MUS
4102,1,Asia,FALSE,TRUE,FALSE,TRUE,Vietnam,Netherlands,1995,1996,New treaty,Yes,No,6,YES,6,NO,NO,YES,NO,NO,NO,YES,NO,5,50,15,10,15,NO,NO,"NA",YES,NO,NO,NO,NO,NO,No,VNM,NLD
4346,1,Asia,FALSE,TRUE,FALSE,TRUE,Vietnam,Poland,1994,1996,New treaty,Yes,No,6,YES,6,NO,NO,YES,YES,YES,YES,YES,NO,10,25,15,10,15,YES,YES,"NA",NO,YES,NO,NO,NO,YES,No,VNM,POL
604,1,Asia,TRUE,TRUE,FALSE,TRUE,Bangladesh,Netherlands,1993,1995,New treaty,Yes,No,6,NO,NO,NO,NO,YES,NO,NO,NO,NO,YES,10,10,15,10,10,YES,NO,"NA",NO,NO,NO,NO,YES,NO,No,BGD,NLD
845,1,Africa,FALSE,TRUE,FALSE,TRUE,Nigeria,Belgium,1989,1995,New treaty,Yes,No,3,YES,NO,YES,YES,YES,NO,NO,YES,YES,YES,12.5,10,15,12.5,12.5,YES,YES,"NA",NO,NO,NO,NO,NO,YES,No,NGA,BEL
1304,1,Africa,FALSE,TRUE,TRUE,TRUE,Zimbabwe,Canada,1992,1995,New treaty,Yes,No,6,YES,6,NO,NO,YES,NO,NO,YES,NO,NO,10,25,20,15,10,YES,YES,10,YES,YES,NO,YES,YES,YES,No,ZWE,CAN
2297,1,Africa,TRUE,TRUE,FALSE,TRUE,Gambia,Sweden,1993,1995,New treaty,Yes,No,6,YES,NO,NO,NO,NO,NO,YES,NO,YES,NO,5,15,15,15,5,YES,NO,"NA",NO,NO,NO,YES,YES,NO,No,GMB,SWE
2426,1,Asia,FALSE,TRUE,TRUE,TRUE,Pakistan,Germany,1994,1995,Renegotiation,Yes,No,6,NO,NO,NO,NO,YES,YES,YES,YES,YES,NO,10,20,15,20,10,YES,YES,10,YES,YES,NO,YES,NO,YES,No,PAK,DEU
2514,1,Africa,FALSE,TRUE,TRUE,TRUE,Ghana,United Kingdom,1993,1995,Renegotiation,Yes,No,6,YES,NO,YES,YES,NO,NO,NO,NO,YES,NO,7.5,10,15,12.5,12.5,YES,NO,10,YES,NO,NO,NO,NO,NO,No,GHA,GBR
2673,1,Asia,FALSE,TRUE,FALSE,TRUE,Pakistan,Hungary,1992,1995,New treaty,Yes,No,6,YES,NO,YES,YES,YES,YES,NO,YES,YES,YES,15,25,20,15,15,YES,YES,15,YES,YES,YES,NO,NO,YES,No,PAK,HUN
2789,1,Asia,FALSE,FALSE,TRUE,TRUE,Philippines,India,1990,1995,New treaty,Yes,No,6,YES,NO,YES,YES,YES,YES,YES,YES,YES,YES,15,10,20,15,15,YES,YES,"NA",YES,NO,NO,NO,NO,NO,No,PHL,IND
2873,1,Asia,FALSE,FALSE,TRUE,TRUE,Philippines,Indonesia,1993,1995,Renegotiation,Yes,No,3,YES,3,NO,NO,YES,YES,YES,YES,YES,YES,15,25,20,15,20,YES,YES,"NA",YES,NO,NO,YES,YES,YES,Yes,PHL,IDN
2885,1,Asia,FALSE,FALSE,TRUE,TRUE,Sri Lanka,Indonesia,1993,1995,New treaty,Yes,No,3,YES,3,NO,NO,YES,YES,YES,YES,YES,YES,15,"NA",15,15,15,YES,YES,"NA",NO,NO,YES,YES,YES,"NA",No,LKA,IDN
3417,1,Asia,FALSE,TRUE,TRUE,TRUE,Vietnam,Korea (Rep.),1994,1995,New treaty,Yes,No,6,NO,NO,NO,NO,NO,NO,NO,NO,NO,NO,10,"NA",10,10,5,YES,YES,"NA",YES,NO,NO,NO,NO,NO,No,VNM,KOR
3861,1,Asia,FALSE,FALSE,FALSE,FALSE,Pakistan,Mauritius,1994,1995,New treaty,Yes,No,6,YES,NO,NO,NO,YES,NO,YES,NO,YES,NO,10,"NA",10,10,12.5,YES,YES,"NA",NO,NO,YES,NO,YES,YES,No,PAK,MUS
3876,1,Africa,FALSE,FALSE,FALSE,FALSE,Swaziland,Mauritius,1994,1995,New treaty,Yes,No,6,YES,6,YES,YES,YES,NO,NO,NO,YES,NO,7.5,"NA",7.5,5,7.5,YES,YES,"NA",NO,NO,NO,NO,YES,NO,No,SWZ,MUS
4139,1,Africa,FALSE,FALSE,FALSE,FALSE,Nigeria,Romania,1992,1995,New treaty,Yes,No,3,YES,3,YES,YES,NO,NO,NO,YES,YES,YES,12.5,"NA",12.5,12.5,12.5,YES,YES,"NA",NO,YES,NO,NO,NO,YES,No,NGA,ROU
4256,1,Asia,FALSE,FALSE,FALSE,FALSE,Pakistan,United Arab Emirates,1993,1995,New treaty,Yes,No,6,NO,NO,NO,NO,NO,NO,YES,NO,NO,NO,10,20,15,10,12,YES,YES,12,NO,NO,YES,NO,NO,YES,No,PAK,ARE
4348,1,Africa,FALSE,TRUE,FALSE,TRUE,Zimbabwe,Poland,1993,1995,New treaty,Yes,No,9,YES,NO,YES,YES,NO,NO,NO,NO,NO,NO,10,25,15,10,10,YES,YES,"NA",YES,NO,NO,NO,NO,NO,No,ZWE,POL
4683,1,Asia,FALSE,TRUE,FALSE,TRUE,Vietnam,Sweden,1994,1995,New treaty,Yes,No,6,YES,6,NO,NO,YES,YES,NO,NO,YES,NO,10,25,15,10,15,YES,YES,"NA",NO,NO,NO,YES,YES,YES,No,VNM,SWE
4792,1,Asia,FALSE,TRUE,TRUE,TRUE,Vietnam,United Kingdom,1994,1995,New treaty,Yes,No,6,NO,NO,YES,YES,NO,NO,NO,NO,NO,NO,7,50,15,10,10,YES,NO,"NA",YES,NO,NO,NO,NO,NO,No,VNM,GBR
871,1,Africa,TRUE,TRUE,FALSE,TRUE,Senegal,Belgium,1987,1994,New treaty,Yes,No,6,YES,6,NO,NO,YES,YES,YES,NO,NO,NO,16,"NA",16,15,10,YES,YES,"NA",NO,NO,NO,NO,NO,NO,Yes,SEN,BEL
2282,1,Asia,FALSE,TRUE,TRUE,TRUE,Vietnam,France,1993,1994,New treaty,Yes,No,6,NO,NO,YES,YES,NO,NO,NO,NO,NO,NO,10,25,15,"NA",10,YES,YES,"NA",YES,NO,NO,NO,NO,NO,No,VNM,FRA
2772,1,Asia,FALSE,FALSE,TRUE,TRUE,Mongolia,India,1994,1994,New treaty,Yes,No,9,YES,NO,YES,YES,NO,NO,YES,YES,NO,NO,15,"NA",15,15,15,YES,YES,15,YES,YES,NO,NO,NO,YES,No,MNG,IND
4005,1,Africa,TRUE,TRUE,FALSE,TRUE,Mozambique,Portugal,1991,1994,New treaty,Yes,No,6,YES,6,YES,YES,NO,NO,NO,NO,NO,NO,10,"NA",10,10,10,YES,YES,"NA",YES,NO,NO,NO,NO,YES,Yes,MOZ,PRT
4297,1,Asia,FALSE,TRUE,FALSE,TRUE,Philippines,Spain,1989,1994,New treaty,Yes,No,6,YES,6,YES,YES,YES,YES,YES,YES,YES,YES,10,10,15,15,15,YES,YES,"NA",YES,NO,NO,NO,YES,YES,No,PHL,ESP
4771,1,Africa,TRUE,TRUE,TRUE,TRUE,Uganda,United Kingdom,1992,1994,Renegotiation,Yes,No,6,NO,NO,YES,YES,NO,NO,NO,NO,NO,NO,15,"NA",15,15,15,YES,YES,15,NO,NO,NO,NO,NO,NO,No,UGA,GBR
298,1,Asia,FALSE,TRUE,TRUE,TRUE,Vietnam,Australia,1992,1993,New treaty,Yes,No,6,YES,NO,YES,YES,NO,NO,NO,NO,NO,NO,10,"NA",10,10,10,YES,YES,"NA",YES,NO,NO,NO,NO,YES,No,VNM,AUS
593,1,Asia,TRUE,FALSE,TRUE,TRUE,Bangladesh,India,1991,1993,New treaty,Yes,No,6,NO,NO,NO,NO,YES,NO,NO,NO,NO,YES,10,25,15,10,10,YES,YES,"NA",NO,NO,NO,NO,NO,YES,Yes,BGD,IND
1406,1,Asia,FALSE,FALSE,TRUE,TRUE,Mongolia,China (People's Rep.),1991,1993,New treaty,Yes,No,18,YES,18,YES,YES,NO,NO,YES,NO,NO,NO,5,"NA",5,10,10,YES,YES,"NA",YES,YES,NO,NO,YES,NO,No,MNG,CHN
4038,1,Africa,FALSE,TRUE,FALSE,TRUE,Nigeria,Netherlands,1991,1993,New treaty,Yes,No,3,YES,3,YES,YES,NO,NO,YES,YES,YES,NO,12.5,10,15,12.5,12.5,YES,YES,"NA",NO,YES,NO,YES,NO,YES,No,NGA,NLD
4278,1,Asia,FALSE,FALSE,FALSE,FALSE,Papua New Guinea,Singapore,1991,1993,New treaty,Yes,No,6,YES,3,YES,YES,YES,NO,NO,NO,NO,NO,15,"NA",15,10,10,YES,YES,"NA",YES,YES,NO,YES,NO,YES,No,PNG,SGP
4547,1,Asia,FALSE,FALSE,FALSE,FALSE,Vietnam,Singapore,1994,1993,New treaty,Yes,No,6,NO,NO,YES,YES,NO,NO,NO,NO,NO,NO,5,50,12.5,10,5,YES,YES,"NA",NO,NO,NO,NO,NO,YES,No,VNM,SGP
4743,1,Asia,FALSE,FALSE,FALSE,FALSE,Vietnam,Thailand,1992,1993,New treaty,Yes,No,6,YES,NO,YES,YES,NO,NO,NO,NO,NO,YES,15,"NA",15,15,15,YES,YES,"NA",NO,YES,NO,NO,NO,YES,No,VNM,THA
254,1,Asia,TRUE,TRUE,TRUE,TRUE,Kiribati,Australia,1991,1992,New treaty,Yes,No,3,YES,3,YES,YES,YES,NO,NO,YES,NO,YES,20,"NA",20,10,15,YES,YES,"NA",YES,NO,NO,NO,NO,YES,No,KIR,AUS
284,1,Asia,FALSE,TRUE,TRUE,TRUE,Sri Lanka,Australia,1989,1992,New treaty,Yes,No,6,YES,6,YES,YES,YES,NO,NO,YES,YES,YES,15,"NA",15,10,10,YES,YES,"NA",YES,YES,NO,NO,NO,YES,No,LKA,AUS
597,1,Asia,TRUE,TRUE,TRUE,TRUE,Bangladesh,Japan,1991,1992,New treaty,Yes,No,6,NO,NO,NO,NO,NO,NO,NO,NO,NO,YES,10,25,15,10,10,YES,YES,"NA",NO,NO,NO,NO,NO,YES,No,BGD,JPN
1044,1,Asia,FALSE,FALSE,TRUE,TRUE,Philippines,Brazil,1983,1992,New treaty,Yes,No,6,NO,NO,NO,NO,NO,YES,NO,NO,YES,YES,15,"NA",25,15,15,YES,YES,"NA",NO,YES,NO,YES,NO,YES,No,PHL,BRA
2217,1,Africa,FALSE,TRUE,TRUE,TRUE,Nigeria,France,1990,1992,New treaty,Yes,No,3,YES,NO,YES,YES,YES,NO,NO,YES,YES,YES,12.5,10,15,12.5,12.5,YES,YES,"NA","NA","NA",NO,YES,NO,YES,No,NGA,FRA
3105,1,Asia,FALSE,TRUE,TRUE,TRUE,Pakistan,Italy,1984,1992,New treaty,Yes,No,6,YES,3,NO,NO,YES,NO,YES,YES,YES,YES,15,25,25,30,30,YES,YES,"NA",YES,YES,YES,NO,NO,YES,No,PAK,ITA
3366,1,Asia,FALSE,TRUE,TRUE,TRUE,Mongolia,Korea (Rep.),1992,1992,New treaty,Yes,No,12,NO,NO,YES,YES,NO,NO,YES,NO,NO,NO,5,"NA",5,5,10,YES,YES,"NA",YES,NO,NO,NO,NO,NO,No,MNG,KOR
3889,1,Africa,FALSE,FALSE,FALSE,FALSE,Zimbabwe,Mauritius,1992,1992,New treaty,Yes,No,6,YES,NO,YES,YES,YES,NO,YES,NO,YES,NO,10,25,20,10,15,YES,YES,"NA",YES,NO,NO,NO,YES,YES,No,ZWE,MUS
4046,1,Asia,FALSE,TRUE,FALSE,TRUE,Philippines,Netherlands,1989,1992,New treaty,Yes,No,6,YES,6,NO,NO,YES,YES,NO,NO,YES,YES,10,10,15,15,15,YES,YES,"NA",NO,NO,NO,YES,NO,"NA",No,PHL,NLD
4105,1,Africa,FALSE,TRUE,FALSE,TRUE,Zimbabwe,Netherlands,1989,1992,New treaty,Yes,No,6,NO,NO,YES,YES,NO,NO,NO,NO,NO,NO,10,25,20,10,10,YES,YES,10,NO,YES,NO,YES,YES,NO,No,ZWE,NLD
4207,1,Africa,FALSE,TRUE,FALSE,TRUE,Zimbabwe,Norway,1989,1992,New treaty,Yes,No,6,YES,6,NO,NO,YES,YES,NO,YES,YES,NO,15,25,20,10,10,YES,YES,10,NO,YES,YES,NO,YES,YES,No,ZWE,NOR
4280,1,Asia,FALSE,TRUE,TRUE,TRUE,Papua New Guinea,United Kingdom,1991,1992,New treaty,Yes,No,6,NO,6,NO,NO,YES,NO,NO,NO,NO,NO,17,"NA",17,10,10,YES,YES,10,"NA","NA",NO,NO,NO,NO,No,PNG,GBR
1159,1,Africa,FALSE,FALSE,FALSE,FALSE,Zimbabwe,Bulgaria,1988,1991,New treaty,Yes,No,6,YES,NO,NO,NO,NO,NO,NO,NO,NO,NO,10,25,20,10,10,YES,YES,10,YES,NO,NO,NO,YES,NO,No,ZWE,BGR
1695,1,Africa,FALSE,TRUE,FALSE,TRUE,Nigeria,Czech Republic,1989,1991,New treaty,Yes,No,3,YES,NO,YES,YES,NO,NO,NO,YES,YES,"NA",12.5,10,15,15,15,YES,YES,"NA",NO,NO,NO,YES,YES,YES,No,NGA,CZE
2869,1,Asia,FALSE,FALSE,TRUE,TRUE,Pakistan,Indonesia,1990,1991,New treaty,Yes,No,3,YES,NO,NO,NO,YES,YES,YES,YES,YES,NO,10,25,15,15,15,YES,YES,15,YES,NO,YES,YES,NO,YES,No,PAK,IDN
3158,1,Africa,FALSE,TRUE,FALSE,TRUE,Ivory Coast,Switzerland,1987,1991,New treaty,Yes,No,6,YES,NO,YES,YES,YES,YES,YES,NO,NO,NO,15,"NA",15,15,10,YES,YES,"NA",NO,NO,NO,NO,NO,NO,No,CIV,CHE
4136,1,Asia,FALSE,FALSE,FALSE,FALSE,Pakistan,Nigeria,1989,1991,New treaty,Yes,No,3,YES,NO,YES,YES,NO,NO,NO,YES,YES,YES,12.5,10,15,15,15,YES,YES,"NA",NO,YES,NO,YES,NO,YES,No,PAK,NGA
4136,0,Africa,FALSE,FALSE,FALSE,FALSE,Nigeria,Pakistan,1989,1991,New treaty,Yes,No,3,YES,NO,YES,YES,NO,NO,NO,YES,YES,YES,12.5,10,15,15,15,YES,YES,"NA",NO,YES,NO,YES,NO,YES,No,NGA,PAK
4140,1,Africa,FALSE,TRUE,FALSE,TRUE,Nigeria,Slovak Republic,1989,1991,New treaty,Yes,No,3,YES,NO,YES,YES,NO,NO,NO,YES,YES,"NA",12.5,10,15,15,15,YES,YES,"NA",NO,NO,NO,YES,YES,YES,No,NGA,SVK
4638,1,Asia,FALSE,FALSE,FALSE,FALSE,Sri Lanka,Thailand,1988,1991,New treaty,Yes,No,6,NO,6,NO,NO,YES,YES,YES,YES,YES,YES,15,"NA",15,25,15,YES,YES,"NA",NO,YES,YES,NO,NO,YES,No,LKA,THA
272,1,Asia,FALSE,TRUE,TRUE,TRUE,Papua New Guinea,Australia,1989,1990,New treaty,Yes,No,3,YES,3,YES,YES,YES,NO,NO,YES,NO,NO,20,"NA",20,10,10,YES,YES,"NA",YES,NO,NO,NO,NO,YES,No,PNG,AUS
591,1,Asia,TRUE,TRUE,TRUE,TRUE,Bangladesh,Germany,1990,1990,New treaty,Yes,No,6,NO,NO,NO,NO,YES,NO,NO,NO,NO,YES,15,"NA",15,10,10,YES,YES,"NA",YES,YES,NO,NO,NO,YES,No,BGD,DEU
1255,1,Asia,FALSE,TRUE,TRUE,TRUE,Papua New Guinea,Canada,1987,1990,New treaty,Yes,No,3,YES,3,NO,NO,YES,NO,YES,YES,NO,NO,25,"NA",25,10,10,YES,YES,"NA",YES,NO,NO,YES,NO,YES,No,PNG,CAN
1416,1,Asia,FALSE,FALSE,TRUE,TRUE,Pakistan,China (People's Rep.),1989,1990,New treaty,Yes,No,6,YES,NO,NO,NO,YES,YES,YES,YES,YES,NO,10,"NA",10,10,12.5,YES,YES,12.5,YES,YES,YES,NO,YES,YES,No,PAK,CHN
3108,1,Asia,FALSE,TRUE,TRUE,TRUE,Philippines,Italy,1980,1990,New treaty,Yes,No,6,YES,NO,YES,YES,NO,NO,YES,NO,NO,YES,15,"NA",15,5,25,YES,YES,"NA",YES,NO,NO,NO,NO,NO,No,PHL,ITA
4685,1,Africa,FALSE,TRUE,FALSE,TRUE,Zimbabwe,Sweden,1989,1990,New treaty,Yes,No,6,YES,6,NO,NO,YES,YES,YES,YES,YES,NO,15,25,20,10,10,YES,YES,10,NO,YES,YES,YES,YES,YES,No,ZWE,SWE
610,1,Asia,TRUE,FALSE,FALSE,FALSE,Bangladesh,Romania,1987,1989,New treaty,Yes,No,6,NO,NO,NO,NO,YES,NO,NO,NO,NO,YES,10,10,15,10,10,NO,YES,"NA",YES,NO,NO,NO,NO,YES,No,BGD,ROU
613,1,Asia,FALSE,FALSE,FALSE,FALSE,Sri Lanka,Bangladesh,1986,1989,New treaty,Yes,No,6,NO,NO,NO,NO,YES,NO,NO,NO,NO,"NA",15,"NA",15,15,15,YES,YES,"NA",YES,NO,NO,NO,NO,YES,No,LKA,BGD
613,0,Asia,TRUE,FALSE,FALSE,FALSE,Bangladesh,Sri Lanka,1986,1989,New treaty,Yes,No,6,NO,NO,NO,NO,YES,NO,NO,NO,NO,"NA",15,"NA",15,15,15,YES,YES,"NA",YES,NO,NO,NO,NO,YES,No,BGD,LKA
1303,1,Africa,TRUE,TRUE,TRUE,TRUE,Zambia,Canada,1984,1989,New treaty,Yes,No,3,YES,3,YES,YES,YES,YES,YES,YES,YES,NO,15,"NA",15,15,15,YES,YES,"NA",YES,NO,NO,YES,NO,YES,No,ZMB,CAN
1476,1,Africa,FALSE,TRUE,TRUE,TRUE,Congo (Rep.),France,1987,1989,Renegotiation,Yes,No,6,NO,NO,YES,YES,NO,NO,YES,NO,NO,NO,15,10,20,0,15,NO,NO,"NA",YES,YES,NO,NO,YES,NO,Yes,COG,FRA
4176,1,Asia,FALSE,TRUE,FALSE,TRUE,Sri Lanka,Norway,1986,1989,Renegotiation,Yes,No,6,NO,6,YES,YES,YES,YES,YES,YES,YES,YES,15,"NA",15,10,10,YES,YES,"NA",NO,YES,YES,NO,YES,NO,No,LKA,NOR
4253,1,Asia,FALSE,TRUE,TRUE,TRUE,Pakistan,Turkey,1985,1989,New treaty,Yes,No,6,YES,NO,YES,YES,YES,NO,YES,YES,YES,NO,10,25,15,10,10,YES,YES,"NA",NO,YES,YES,NO,NO,NO,No,PAK,TUR
590,1,Asia,TRUE,TRUE,TRUE,TRUE,Bangladesh,France,1987,1988,New treaty,Yes,No,6,NO,NO,NO,NO,YES,NO,NO,NO,NO,YES,10,10,15,10,10,YES,YES,"NA",YES,NO,NO,NO,YES,YES,No,BGD,FRA
1165,1,Africa,FALSE,TRUE,TRUE,TRUE,Cameroon,Canada,1982,1988,New treaty,Yes,No,0,NO,6,YES,YES,YES,NO,YES,NO,NO,NO,20,"NA",20,20,20,YES,YES,"NA","NA","NA",YES,YES,NO,YES,No,CMR,CAN
1808,1,Asia,FALSE,TRUE,FALSE,TRUE,Pakistan,Denmark,1987,1988,Renegotiation,Yes,No,6,YES,NO,NO,NO,YES,YES,YES,YES,YES,YES,15,"NA",15,15,12,YES,YES,12,YES,YES,YES,YES,YES,YES,No,PAK,DNK
3068,1,Africa,FALSE,TRUE,TRUE,TRUE,Ivory Coast,Italy,1982,1988,New treaty,Yes,No,6,YES,NO,YES,YES,YES,YES,YES,NO,NO,NO,15,"NA",15,15,10,YES,YES,"NA",NO,NO,NO,NO,NO,NO,No,CIV,ITA
4145,1,Africa,FALSE,TRUE,TRUE,TRUE,Nigeria,United Kingdom,1987,1988,New treaty,Yes,No,3,YES,NO,YES,YES,NO,NO,NO,NO,YES,NO,12.5,10,15,12.5,12.5,YES,YES,"NA","NA","NA",NO,NO,NO,"NA",No,NGA,GBR
4146,1,Asia,FALSE,TRUE,FALSE,TRUE,Pakistan,Norway,1986,1988,New treaty,Yes,No,6,YES,NO,NO,NO,YES,YES,YES,YES,YES,YES,15,"NA",15,10,12,YES,YES,12,NO,YES,YES,NO,NO,YES,No,PAK,NOR
4258,1,Asia,FALSE,TRUE,TRUE,TRUE,Pakistan,United Kingdom,1986,1988,Renegotiation,Yes,No,6,NO,NO,NO,NO,YES,NO,YES,NO,YES,NO,15,"NA",20,15,12.5,YES,YES,12.5,NO,NO,NO,NO,NO,"NA",No,PAK,GBR
982,1,Asia,FALSE,FALSE,FALSE,FALSE,Sri Lanka,Bosnia and Herzegovina,1985,1987,New treaty,Yes,No,9,NO,9,YES,YES,YES,NO,NO,NO,NO,YES,12.5,"NA",12.5,10,10,YES,YES,"NA",NO,YES,NO,NO,NO,NO,No,LKA,BIH
1222,1,Africa,FALSE,TRUE,TRUE,TRUE,Kenya,Canada,1983,1987,New treaty,Yes,No,6,YES,NO,YES,YES,YES,YES,YES,NO,YES,YES,15,10,25,15,15,YES,YES,15,YES,NO,NO,YES,NO,YES,No,KEN,CAN
1549,1,Asia,FALSE,FALSE,FALSE,FALSE,Sri Lanka,Croatia,1985,1987,New treaty,Yes,No,9,NO,9,YES,YES,YES,NO,NO,NO,NO,YES,12.5,"NA",12.5,10,10,YES,YES,"NA",NO,YES,NO,NO,NO,NO,No,LKA,HRV
2498,1,Africa,FALSE,TRUE,TRUE,TRUE,Zimbabwe,Germany,1988,1987,New treaty,Yes,No,6,NO,NO,YES,YES,NO,NO,NO,NO,NO,NO,10,25,20,10,7.5,YES,YES,7.5,NO,YES,NO,YES,NO,NO,No,ZWE,DEU
3160,1,Africa,FALSE,TRUE,TRUE,TRUE,Ivory Coast,United Kingdom,1985,1987,New treaty,Yes,No,6,YES,NO,NO,NO,YES,YES,YES,NO,NO,NO,15,"NA",15,15,10,YES,YES,10,NO,NO,NO,NO,NO,NO,No,CIV,GBR
3377,1,Asia,FALSE,TRUE,TRUE,TRUE,Pakistan,Korea (Rep.),1987,1987,New treaty,Yes,No,6,NO,NO,NO,NO,YES,YES,YES,NO,YES,YES,10,20,12.5,12.5,10,YES,YES,"NA",YES,YES,NO,NO,NO,YES,No,PAK,KOR
3382,1,Asia,FALSE,TRUE,TRUE,TRUE,Philippines,Korea (Rep.),1984,1987,New treaty,Yes,No,6,YES,6,YES,YES,YES,YES,YES,NO,NO,YES,10,25,25,15,15,YES,YES,"NA",YES,NO,NO,NO,YES,NO,No,PHL,KOR
3708,1,Asia,FALSE,FALSE,FALSE,FALSE,Sri Lanka,Macedonia (FYR),1985,1987,New treaty,Yes,No,9,NO,9,YES,YES,YES,NO,NO,NO,NO,YES,12.5,"NA",12.5,10,10,YES,YES,"NA",NO,YES,NO,NO,NO,NO,no,LKA,MKD
4240,1,Asia,FALSE,FALSE,FALSE,FALSE,Pakistan,Singapore,1993,1987,New treaty,Yes,No,6,YES,NO,NO,NO,YES,NO,YES,YES,YES,YES,15,"NA",15,12.5,10,NO,YES,10,NO,NO,NO,NO,NO,YES,No,PAK,SGP
4245,1,Asia,FALSE,TRUE,FALSE,TRUE,Pakistan,Sweden,1985,1987,New treaty,Yes,No,6,YES,NO,NO,NO,YES,YES,YES,YES,YES,YES,15,25,NO LIMIT,15,10,YES,YES,10,NO,NO,YES,"NA","NA",YES,No,PAK,SWE
4498,1,Asia,FALSE,FALSE,FALSE,FALSE,Sri Lanka,Serbia and Montenegro,1985,1987,New treaty,Yes,No,9,NO,9,YES,YES,YES,NO,NO,NO,NO,YES,12.5,"NA",12.5,10,10,YES,YES,"NA",NO,YES,NO,NO,NO,NO,No,LKA,SCG
4570,1,Asia,FALSE,TRUE,FALSE,TRUE,Sri Lanka,Slovenia,1985,1987,New treaty,Yes,Yes,9,NO,9,YES,YES,YES,NO,NO,NO,NO,YES,12.5,"NA",12.5,10,10,YES,YES,"NA",NO,YES,NO,NO,NO,NO,No,LKA,SVN
1214,1,Africa,FALSE,TRUE,TRUE,TRUE,Ivory Coast,Canada,1983,1986,New treaty,Yes,No,6,YES,NO,NO,NO,YES,YES,YES,NO,NO,NO,15,"NA",15,15,10,YES,YES,"NA",YES,NO,NO,YES,NO,YES,No,CIV,CAN
1274,1,Asia,FALSE,TRUE,TRUE,TRUE,Sri Lanka,Canada,1982,1986,New treaty,Yes,No,6,NO,NO,YES,YES,NO,NO,NO,NO,NO,YES,15,"NA",15,15,10,YES,YES,"NA",NO,YES,NO,NO,NO,YES,No,LKA,CAN
2146,1,Africa,TRUE,TRUE,FALSE,TRUE,Zambia,Finland,1978,1986,New treaty,Yes,No,6,YES,3,YES,YES,YES,YES,NO,NO,NO,NO,5,25,15,15,15,YES,YES,"NA",YES,NO,NO,YES,YES,YES,No,ZMB,FIN
4417,1,Asia,FALSE,FALSE,FALSE,FALSE,Sri Lanka,Romania,1984,1986,New treaty,Yes,No,9,NO,9,YES,YES,NO,NO,YES,YES,YES,YES,12.5,"NA",12.5,10,10,YES,YES,"NA",NO,YES,YES,NO,NO,NO,No,LKA,ROU
887,1,Asia,FALSE,TRUE,FALSE,TRUE,Sri Lanka,Belgium,1983,1985,New treaty,Yes,No,6,YES,6,NO,NO,YES,NO,YES,NO,YES,YES,15,"NA",15,10,10,YES,YES,"NA",NO,NO,NO,NO,YES,NO,No,LKA,BEL
2428,1,Asia,FALSE,TRUE,TRUE,TRUE,Philippines,Germany,1983,1985,New treaty,Yes,No,6,YES,NO,YES,YES,YES,YES,NO,NO,NO,YES,10,25,15,15,15,YES,YES,"NA",NO,YES,NO,NO,NO,YES,No,PHL,DEU
2754,1,Africa,FALSE,FALSE,TRUE,TRUE,Kenya,India,1985,1985,New treaty,Yes,No,6,YES,NO,NO,NO,YES,YES,YES,YES,NO,YES,15,"NA",15,15,20,YES,YES,17,YES,NO,NO,NO,NO,YES,No,KEN,IND
4636,1,Asia,FALSE,TRUE,FALSE,TRUE,Sri Lanka,Sweden,1983,1985,Renegotiation,Yes,No,6,NO,6,NO,NO,NO,YES,YES,YES,YES,YES,15,"NA",15,10,10,NO,YES,"NA",NO,YES,NO,YES,NO,YES,No,LKA,SWE
614,1,Asia,TRUE,TRUE,FALSE,TRUE,Bangladesh,Sweden,1982,1984,New treaty,Yes,No,6,NO,NO,NO,NO,YES,NO,NO,NO,NO,YES,10,10,15,15,10,YES,YES,"NA",YES,NO,NO,NO,NO,YES,No,BGD,SWE
3747,1,Asia,FALSE,FALSE,FALSE,FALSE,Philippines,Malaysia,1982,1984,New treaty,Yes,No,6,YES,NO,YES,YES,YES,NO,YES,NO,NO,YES,15,"NA",25,15,25,YES,YES,"NA",YES,NO,NO,YES,NO,YES,No,PHL,MYS
404,1,Asia,FALSE,TRUE,FALSE,TRUE,Philippines,Austria,1981,1983,New treaty,Yes,No,6,YES,NO,YES,YES,YES,YES,YES,YES,YES,YES,10,10,25,15,15,YES,YES,"NA",YES,NO,NO,NO,YES,NO,No,PHL,AUT
598,1,Asia,TRUE,TRUE,TRUE,TRUE,Bangladesh,Korea (Rep.),1983,1983,New treaty,Yes,No,6,NO,NO,NO,NO,YES,NO,NO,NO,NO,YES,10,10,15,10,10,NO,YES,"NA",YES,NO,NO,NO,NO,YES,No,BGD,KOR
851,1,Asia,FALSE,TRUE,FALSE,TRUE,Pakistan,Belgium,1980,1983,New treaty,Yes,No,6,YES,3,YES,YES,YES,NO,YES,YES,YES,NO,10,20,15,15,20,YES,YES,"NA",NO,YES,YES,NO,NO,NO,No,PAK,BEL
2193,1,Africa,TRUE,TRUE,TRUE,TRUE,Madagascar,France,1983,1983,New treaty,Yes,No,0,NO,NO,NO,NO,YES,YES,YES,NO,NO,NO,15,25,25,15,15,YES,NO,10,YES,NO,NO,NO,NO,NO,Yes,MDG,FRA
2454,1,Asia,FALSE,TRUE,TRUE,TRUE,Sri Lanka,Germany,1979,1983,New treaty,Yes,No,6,NO,NO,YES,YES,NO,NO,NO,NO,NO,YES,15,"NA",15,10,10,YES,YES,"NA",NO,YES,NO,NO,NO,"NA",No,LKA,DEU
4103,1,Africa,TRUE,TRUE,FALSE,TRUE,Zambia,Netherlands,1977,1983,New treaty,Yes,No,6,YES,NO,YES,YES,NO,NO,NO,NO,NO,NO,5,25,15,10,10,YES,YES,"NA",NO,NO,NO,YES,NO,NO,No,ZMB,NLD
4243,1,Asia,FALSE,FALSE,FALSE,FALSE,Sri Lanka,Pakistan,1981,1983,New treaty,Yes,No,6,NO,6,NO,NO,YES,NO,YES,YES,YES,YES,15,"NA",15,10,20,YES,YES,"NA",NO,YES,YES,NO,NO,NO,No,LKA,PAK
4243,0,Asia,FALSE,FALSE,FALSE,FALSE,Pakistan,Sri Lanka,1981,1983,New treaty,Yes,No,6,NO,6,NO,NO,YES,NO,YES,YES,YES,YES,15,"NA",15,10,20,YES,YES,"NA",NO,YES,YES,NO,NO,NO,No,PAK,LKA
4304,1,Asia,FALSE,FALSE,FALSE,FALSE,Philippines,Thailand,1982,1983,New treaty,Yes,No,6,NO,6,YES,YES,YES,YES,YES,NO,NO,YES,15,15,NO LIMIT,25,15,YES,YES,"NA",YES,NO,NO,NO,NO,YES,No,PHL,THA
4309,1,Asia,FALSE,TRUE,TRUE,TRUE,Philippines,United States,1976,1983,New treaty,Yes,No,6,YES,6,YES,YES,YES,YES,YES,NO,YES,YES,20,10,25,15,25,YES,NO,"NA",NO,NO,"NA",NO,NO,"NA",Yes,PHL,USA
4326,1,Asia,FALSE,TRUE,FALSE,TRUE,Sri Lanka,Poland,1980,1983,New treaty,Yes,No,6,NO,NO,YES,NO,NO,NO,NO,NO,YES,YES,15,"NA",15,10,10,NO,NO,"NA",NO,"NA","NA",NO,NO,"NA",No,LKA,POL
587,1,Asia,TRUE,TRUE,TRUE,TRUE,Bangladesh,Canada,1982,1982,New treaty,Yes,No,6,NO,NO,NO,NO,YES,NO,NO,NO,NO,NO,15,"NA",15,15,10,YES,YES,"NA",YES,NO,NO,YES,YES,YES,No,BGD,CAN
2102,1,Asia,FALSE,TRUE,FALSE,TRUE,Philippines,Finland,1978,1982,New treaty,Yes,No,6,YES,6,YES,YES,YES,YES,YES,YES,YES,YES,15,10,NO LIMIT,15,25,YES,YES,"NA",YES,NO,NO,NO,YES,YES,No,PHL,FIN
2250,1,Asia,FALSE,TRUE,TRUE,TRUE,Sri Lanka,France,1981,1982,New treaty,Yes,No,6,YES,NO,YES,NO,YES,YES,NO,NO,NO,YES,15,"NA",15,10,10,NO,NO,"NA","NA","NA",NO,NO,YES,YES,No,LKA,FRA
2379,1,Africa,FALSE,TRUE,TRUE,TRUE,Ivory Coast,Germany,1979,1982,New treaty,Yes,No,6,NO,NO,NO,NO,YES,YES,YES,NO,NO,NO,15,"NA",15,15,10,YES,YES,"NA",NO,NO,NO,NO,NO,NO,No,CIV,DEU
4043,1,Asia,FALSE,TRUE,FALSE,TRUE,Pakistan,Netherlands,1982,1982,New treaty,Yes,No,6,YES,4,NO,NO,YES,NO,YES,YES,YES,NO,10,25,20,20,15,YES,YES,"NA",YES,NO,NO,YES,NO,"NA",No,PAK,NLD
4637,1,Asia,FALSE,TRUE,FALSE,TRUE,Sri Lanka,Switzerland,1983,1982,New treaty,Yes,No,6,NO,NO,YES,YES,NO,NO,YES,NO,NO,YES,10,25,15,10,10,YES,YES,5,NO,NO,NO,NO,NO,NO,No,LKA,CHE
601,1,Asia,TRUE,FALSE,FALSE,FALSE,Bangladesh,Malaysia,1983,1981,New treaty,Yes,No,6,YES,NO,NO,NO,YES,NO,NO,NO,NO,YES,15,"NA",15,15,15,YES,YES,"NA",YES,NO,NO,NO,NO,YES,No,BGD,MYS
853,1,Asia,FALSE,TRUE,FALSE,TRUE,Philippines,Belgium,1976,1981,New treaty,Yes,No,6,YES,6,NO,NO,YES,YES,YES,YES,YES,YES,10,10,15,10,15,YES,YES,"NA",NO,YES,NO,NO,NO,YES,Yes,PHL,BEL
2122,1,Asia,FALSE,TRUE,FALSE,TRUE,Sri Lanka,Finland,1982,1981,New treaty,Yes,No,6,YES,6,YES,YES,YES,YES,YES,YES,YES,YES,15,"NA",15,10,10,NO,YES,"NA",YES,YES,YES,NO,YES,NO,No,LKA,FIN
3199,1,Asia,FALSE,TRUE,TRUE,TRUE,Philippines,Japan,1980,1981,New treaty,Yes,No,6,YES,6,YES,YES,YES,YES,NO,YES,YES,YES,10,25,25,15,25,YES,YES,"NA",YES,NO,NO,NO,NO,NO,No,PHL,JPN
4108,1,Asia,FALSE,TRUE,FALSE,TRUE,Philippines,New Zealand,1980,1981,New treaty,Yes,No,6,YES,6,YES,YES,NO,NO,YES,YES,NO,YES,15,"NA",15,10,15,YES,YES,"NA",YES,NO,NO,NO,YES,YES,No,PHL,NZL
4795,1,Africa,FALSE,TRUE,TRUE,TRUE,Zimbabwe,United Kingdom,1982,1981,New treaty,Yes,No,6,NO,NO,YES,YES,NO,NO,NO,NO,NO,NO,5,25,20,10,10,YES,YES,10,YES,NO,NO,NO,NO,NO,No,ZWE,GBR
273,1,Asia,FALSE,TRUE,TRUE,TRUE,Philippines,Australia,1979,1980,New treaty,Yes,No,6,YES,6,YES,YES,YES,NO,YES,YES,NO,NO,15,"NA",25,15,25,YES,YES,"NA",NO,NO,NO,NO,NO,"NA",No,PHL,AUS
596,1,Asia,TRUE,TRUE,TRUE,TRUE,Bangladesh,Italy,1990,1980,New treaty,Yes,No,6,NO,NO,NO,NO,YES,NO,NO,NO,NO,YES,10,10,15,15,10,YES,YES,"NA",YES,NO,NO,NO,NO,YES,No,BGD,ITA
606,1,Asia,FALSE,FALSE,FALSE,FALSE,Pakistan,Bangladesh,1981,1980,New treaty,Yes,No,6,NO,NO,NO,NO,YES,NO,NO,NO,NO,YES,15,"NA",15,15,15,YES,YES,"NA",YES,NO,NO,NO,NO,YES,No,PAK,BGD
606,0,Asia,TRUE,FALSE,FALSE,FALSE,Bangladesh,Pakistan,1981,1980,New treaty,Yes,No,6,NO,NO,NO,NO,YES,NO,NO,NO,NO,YES,15,"NA",15,15,15,YES,YES,"NA",YES,NO,NO,NO,NO,YES,No,BGD,PAK
811,1,Africa,FALSE,TRUE,FALSE,TRUE,Ivory Coast,Belgium,1977,1980,New treaty,Yes,No,6,YES,NO,NO,NO,YES,YES,YES,NO,NO,NO,15,"NA",15,16,10,NO,YES,"NA",NO,NO,NO,NO,NO,NO,Yes,CIV,BEL
1832,1,Asia,FALSE,TRUE,FALSE,TRUE,Sri Lanka,Denmark,1981,1980,New treaty,Yes,No,6,NO,6,YES,NO,NO,YES,YES,YES,YES,YES,15,"NA",15,10,10,NO,YES,"NA",NO,NO,NO,YES,YES,YES,No,LKA,DNK
2301,1,Africa,TRUE,TRUE,TRUE,TRUE,Gambia,United Kingdom,1980,1980,New treaty,Yes,No,6,NO,NO,NO,NO,NO,NO,NO,NO,YES,NO,0,"NA",0,15,12.5,YES,YES,15,NO,NO,"NA",YES,NO,"NA",No,GMB,GBR
2386,1,Africa,FALSE,TRUE,TRUE,TRUE,Kenya,Germany,1977,1980,New treaty,Yes,No,6,YES,NO,YES,YES,YES,YES,NO,YES,NO,NO,15,"NA",15,15,15,YES,YES,15,NO,YES,NO,YES,NO,NO,No,KEN,DEU
3397,1,Asia,FALSE,TRUE,TRUE,TRUE,Sri Lanka,Korea (Rep.),1984,1980,New treaty,Yes,No,6,NO,6,YES,YES,NO,NO,YES,NO,NO,YES,10,25,15,10,10,YES,YES,"NA",NO,NO,NO,NO,NO,NO,No,LKA,KOR
3745,1,Asia,FALSE,FALSE,FALSE,FALSE,Pakistan,Malaysia,1982,1980,New treaty,Yes,No,6,YES,6,NO,NO,YES,NO,NO,YES,NO,NO,15,20,20,15,15,YES,YES,"NA",NO,NO,YES,NO,NO,YES,No,PAK,MYS
612,1,Asia,TRUE,FALSE,FALSE,FALSE,Bangladesh,Singapore,1980,1979,New treaty,Yes,No,6,NO,NO,NO,NO,YES,NO,NO,NO,NO,YES,15,"NA",15,10,10,NO,YES,"NA",YES,NO,NO,YES,NO,YES,No,BGD,SGP
926,1,Africa,TRUE,TRUE,FALSE,TRUE,Benin,Norway,1979,1979,New treaty,Yes,No,6,NO,NO,YES,YES,NO,NO,NO,NO,NO,NO,18,"NA",18,25,0,YES,YES,"NA",NO,NO,NO,YES,YES,NO,No,BEN,NOR
1720,1,Asia,FALSE,TRUE,FALSE,TRUE,Sri Lanka,Czech Republic,1978,1979,New treaty,Yes,No,6,NO,NO,YES,NO,NO,NO,NO,NO,NO,YES,15,"NA",15,10,10,NO,NO,"NA","NA","NA","NA",NO,NO,"NA",No,LKA,CZE
2128,1,Africa,TRUE,TRUE,FALSE,TRUE,Tanzania,Finland,1976,1979,New treaty,Yes,No,6,NO,NO,YES,YES,NO,NO,NO,NO,NO,YES,20,"NA",20,15,20,YES,YES,20,NO,NO,NO,NO,NO,NO,No,TZA,FIN
2846,1,Africa,TRUE,FALSE,TRUE,TRUE,Zambia,India,1981,1979,New treaty,Yes,No,9,YES,NO,NO,NO,YES,YES,YES,YES,NO,"NA",5,25,15,10,10,YES,YES,10,NO,NO,NO,NO,NO,YES,No,ZMB,IND
4068,1,Asia,FALSE,TRUE,FALSE,TRUE,Sri Lanka,Netherlands,1982,1979,New treaty,Yes,No,6,YES,6,NO,NO,NO,YES,NO,NO,YES,YES,10,25,15,10,10,YES,YES,"NA",NO,NO,NO,YES,NO,"NA",No,LKA,NLD
4184,1,Africa,TRUE,TRUE,FALSE,TRUE,Tanzania,Norway,1976,1979,New treaty,Yes,No,6,NO,NO,YES,YES,NO,NO,NO,NO,NO,YES,20,"NA",20,15,20,YES,YES,20,NO,NO,NO,NO,YES,NO,No,TZA,NOR
4230,1,Asia,FALSE,FALSE,FALSE,FALSE,Philippines,Pakistan,1979,1979,New treaty,Yes,No,6,YES,3,YES,YES,YES,YES,YES,YES,YES,YES,15,25,25,15,25,YES,YES,"NA",YES,YES,YES,NO,YES,YES,No,PHL,PAK
4230,0,Asia,FALSE,FALSE,FALSE,FALSE,Pakistan,Philippines,1979,1979,New treaty,Yes,No,6,YES,3,YES,YES,YES,YES,YES,YES,YES,YES,15,25,25,15,25,YES,YES,"NA",YES,YES,YES,NO,YES,YES,No,PAK,PHL
4251,1,Asia,FALSE,FALSE,FALSE,FALSE,Pakistan,Thailand,1980,1979,New treaty,Yes,No,6,YES,6,YES,YES,YES,NO,YES,NO,NO,YES,15,25,25,25,20,NO,YES,"NA",NO,NO,YES,YES,NO,YES,No,PAK,THA
4553,1,Asia,FALSE,TRUE,FALSE,TRUE,Sri Lanka,Slovak Republic,1978,1979,New treaty,Yes,No,6,NO,NO,YES,NO,NO,NO,NO,NO,NO,YES,15,"NA",15,10,10,NO,NO,"NA",NO,NO,NO,NO,NO,"NA",No,LKA,SVK
619,1,Asia,TRUE,TRUE,TRUE,TRUE,Bangladesh,United Kingdom,1979,1978,New treaty,Yes,No,6,NO,NO,NO,NO,YES,NO,NO,NO,NO,"NA",10,10,15,10,10,YES,YES,"NA",YES,NO,"NA",NO,NO,"NA",No,BGD,GBR
2226,1,Asia,FALSE,TRUE,TRUE,TRUE,Philippines,France,1976,1978,New treaty,Yes,No,6,YES,6,YES,YES,YES,YES,YES,YES,YES,YES,15,10,25,15,25,YES,NO,"NA",YES,NO,NO,NO,YES,YES,No,PHL,FRA
3129,1,Asia,FALSE,TRUE,TRUE,TRUE,Sri Lanka,Italy,1984,1978,New treaty,Yes,No,6,NO,6,YES,YES,NO,NO,NO,NO,NO,YES,15,"NA",15,10,15,YES,YES,"NA",NO,NO,NO,NO,NO,NO,No,LKA,ITA
4308,1,Asia,FALSE,TRUE,TRUE,TRUE,Philippines,United Kingdom,1976,1978,New treaty,Yes,No,6,YES,6,YES,YES,YES,YES,YES,NO,YES,"NA",15,10,25,15,25,YES,YES,"NA",NO,NO,NO,NO,NO,"NA",No,PHL,GBR
1254,1,Asia,FALSE,TRUE,TRUE,TRUE,Pakistan,Canada,1976,1977,New treaty,Yes,No,3,YES,3,YES,YES,YES,NO,YES,YES,YES,NO,15,25,20,25,15,YES,YES,"NA",YES,YES,NO,NO,NO,YES,No,PAK,CAN
1257,1,Asia,FALSE,TRUE,TRUE,TRUE,Philippines,Canada,1976,1977,New treaty,Yes,No,6,YES,NO,YES,YES,YES,YES,NO,YES,NO,YES,15,10,25,15,25,NO,YES,"NA",YES,NO,NO,YES,YES,YES,No,PHL,CAN
1840,1,Africa,TRUE,TRUE,FALSE,TRUE,Tanzania,Denmark,1976,1977,New treaty,Yes,No,6,NO,NO,YES,YES,NO,NO,NO,NO,NO,YES,15,"NA",15,12.5,20,NO,YES,20,NO,NO,NO,NO,YES,NO,No,TZA,DNK
4296,1,Asia,FALSE,FALSE,FALSE,FALSE,Philippines,Singapore,1977,1977,New treaty,Yes,No,6,YES,6,YES,YES,YES,YES,YES,NO,YES,YES,15,15,25,15,25,YES,YES,"NA",YES,NO,NO,YES,NO,YES,No,PHL,SGP
4529,1,Asia,FALSE,FALSE,FALSE,FALSE,Sri Lanka,Singapore,1979,1977,New treaty,Yes,No,6,NO,NO,YES,YES,NO,NO,NO,NO,NO,YES,15,"NA",15,10,15,YES,YES,"NA","NA","NA",NO,YES,NO,"NA",No,LKA,SGP
4642,1,Asia,FALSE,TRUE,TRUE,TRUE,Sri Lanka,United Kingdom,1979,1977,Renegotiation,Yes,No,6,NO,NO,YES,YES,NO,NO,NO,NO,NO,NO,15,"NA",15,10,10,YES,YES,"NA",NO,NO,"NA",NO,NO,"NA",No,LKA,GBR
4665,1,Africa,TRUE,TRUE,FALSE,TRUE,Tanzania,Sweden,1976,1977,New treaty,Yes,No,6,NO,NO,YES,YES,NO,NO,NO,NO,NO,YES,15,25,25,15,20,NO,YES,20,NO,NO,NO,NO,YES,NO,No,TZA,SWE
3340,1,Africa,FALSE,TRUE,TRUE,TRUE,Kenya,United Kingdom,1973,1976,New treaty,Yes,No,6,YES,NO,YES,YES,YES,YES,YES,NO,NO,NO,15,"NA",15,15,15,YES,YES,12.5,NO,NO,NO,YES,NO,NO,No,KEN,GBR
3571,1,Asia,FALSE,FALSE,FALSE,FALSE,Pakistan,Libya,1975,1976,New treaty,Yes,No,0,NO,NO,NO,NO,NO,NO,NO,NO,NO,NO,NO LIMIT,"NA",NO LIMIT,NO LIMIT,NO LIMIT,NO,YES,"NA","NA","NA",NO,YES,NO,"NA",No,PAK,LBY
4684,1,Africa,TRUE,TRUE,FALSE,TRUE,Zambia,Sweden,1974,1976,New treaty,Yes,No,6,YES,NO,YES,YES,NO,NO,NO,NO,NO,NO,5,25,15,10,10,YES,YES,"NA",NO,NO,NO,NO,NO,NO,No,ZMB,SWE
1934,1,Africa,TRUE,FALSE,FALSE,FALSE,Sudan,Egypt,1970,1975,New treaty,Yes,No,6,NO,NO,YES,YES,NO,NO,NO,NO,NO,NO,15,"NA",15,NO LIMIT,10,NO,YES,"NA",NO,YES,NO,NO,NO,"NA",No,SDN,EGY
3157,1,Africa,FALSE,TRUE,FALSE,TRUE,Ivory Coast,Norway,1978,1975,New treaty,Yes,No,0,NO,NO,NO,NO,YES,YES,NO,NO,NO,NO,15,"NA",15,16,10,YES,YES,"NA",NO,NO,NO,NO,NO,NO,No,CIV,NOR
4656,1,Africa,TRUE,TRUE,TRUE,TRUE,Sudan,United Kingdom,1975,1975,New treaty,Yes,No,12,NO,NO,YES,YES,NO,NO,NO,NO,NO,NO,15,"NA",15,15,10,YES,YES,"NA",NO,NO,"NA",NO,NO,NO,No,SDN,GBR
3812,1,Asia,FALSE,FALSE,FALSE,FALSE,Pakistan,Malta,1975,1974,New treaty,Yes,No,12,YES,NO,YES,YES,NO,NO,NO,NO,NO,YES,15,20,NO LIMIT,10,10,NO,YES,"NA",NO,NO,NO,NO,NO,NO,No,PAK,MLT
3335,1,Africa,FALSE,TRUE,FALSE,TRUE,Kenya,Sweden,1973,1973,New treaty,Yes,No,6,YES,NO,NO,NO,YES,YES,YES,YES,NO,YES,15,25,25,15,20,NO,NO,20,"NA","NA",NO,YES,NO,"NA",No,KEN,SWE
4231,1,Asia,FALSE,TRUE,FALSE,TRUE,Pakistan,Poland,1974,1973,New treaty,Yes,No,12,NO,NO,NO,YES,YES,NO,NO,NO,YES,NO,15,"NA",15,NO LIMIT,20,YES,YES,"NA",NO,YES,NO,"NA","NA",NO,No,PAK,POL
1777,1,Africa,FALSE,TRUE,FALSE,TRUE,Kenya,Denmark,1972,1972,New treaty,Yes,No,6,YES,NO,NO,NO,YES,YES,YES,NO,NO,YES,20,25,30,20,20,YES,YES,20,NO,NO,NO,YES,YES,NO,No,KEN,DNK
1861,1,Africa,TRUE,TRUE,FALSE,TRUE,Zambia,Denmark,1973,1972,New treaty,Yes,No,6,YES,NO,YES,YES,NO,NO,NO,NO,NO,NO,15,"NA",15,10,15,YES,YES,"NA",NO,NO,NO,NO,NO,NO,No,ZMB,DNK
3329,1,Africa,FALSE,TRUE,FALSE,TRUE,Kenya,Norway,1972,1972,New treaty,Yes,No,6,YES,NO,NO,NO,YES,YES,YES,YES,NO,YES,15,25,25,20,20,YES,YES,20,NO,NO,NO,YES,YES,NO,No,KEN,NOR
2497,1,Africa,TRUE,TRUE,TRUE,TRUE,Zambia,Germany,1973,1971,New treaty,Yes,No,9,YES,NO,YES,YES,NO,NO,NO,NO,NO,NO,5,25,15,10,10,YES,YES,"NA",NO,NO,NO,NO,NO,NO,No,ZMB,DEU
3155,1,Africa,TRUE,TRUE,TRUE,TRUE,Zambia,Italy,1972,1971,New treaty,Yes,No,9,YES,NO,YES,YES,NO,NO,NO,NO,NO,NO,5,25,15,10,10,YES,YES,"NA",NO,NO,NO,NO,NO,NO,No,ZMB,ITA
3235,1,Africa,TRUE,TRUE,TRUE,TRUE,Zambia,Japan,1970,1971,New treaty,Yes,No,12,NO,NO,YES,YES,NO,NO,NO,NO,NO,NO,0,"NA",0,10,10,NO,YES,"NA",NO,NO,NO,NO,NO,NO,No,ZMB,JPN
2394,1,Africa,TRUE,TRUE,TRUE,TRUE,Liberia,Germany,1970,1970,New treaty,Yes,No,6,NO,6,YES,YES,YES,NO,NO,NO,NO,NO,10,25,15,20,10,YES,YES,"NA",NO,YES,NO,NO,NO,"NA",No,LBR,DEU
3135,1,Africa,TRUE,TRUE,TRUE,TRUE,Tanzania,Italy,1973,1970,New treaty,Yes,No,12,YES,NO,YES,YES,NO,NO,NO,NO,NO,YES,10,"NA",10,15,15,NO,YES,"NA",NO,NO,NO,NO,NO,NO,No,TZA,ITA
4206,1,Africa,TRUE,TRUE,FALSE,TRUE,Zambia,Norway,1971,1970,New treaty,Yes,No,6,YES,NO,YES,YES,NO,NO,NO,NO,NO,NO,15,"NA",15,10,15,YES,YES,"NA",NO,YES,NO,YES,NO,"NA",No,ZMB,NOR
2981,1,Asia,FALSE,TRUE,FALSE,TRUE,Pakistan,Ireland,1973,1968,New treaty,Yes,No,12,NO,NO,YES,YES,YES,NO,NO,NO,NO,NO,10,50,NO LIMIT,NO LIMIT,0,YES,NO,"NA","NA","NA","NA",YES,NO,"NA",No,PAK,IRL
3725,1,Africa,TRUE,FALSE,TRUE,TRUE,Malawi,South Africa,1971,1968,New treaty,Yes,No,0,NO,NO,YES,YES,NO,NO,NO,NO,NO,"NA","NA","NA","NA",10,0,YES,YES,"NA","NA","NA","NA","NA","NA","NA",No,MWI,ZAF
3014,1,Africa,TRUE,TRUE,FALSE,TRUE,Zambia,Ireland,1971,1967,New treaty,Yes,No,12,YES,NO,YES,YES,NO,NO,NO,NO,NO,NO,0,"NA",0,0,0,YES,YES,"NA",NO,NO,"NA",NO,NO,NO,No,ZMB,IRL
